outcome,iso3,coverage,PAF_diet,share_reach,flow_available,pif_med_pop,pif_resid_pop,averted_med_raw,averted_med_samebase,spillover_nondiet,averted_resid_samebase,flow_ratio
IHD,AUS,0.05,0.4367681545460915,0.029053356282271944,True,0.0032999999999999995,0.006699999999999998,0.007555495897885465,0.007555495897885465,0.0,0.015339946216918973,0.26005587184072604
IHD,AUS,0.1,0.4367681545460915,0.029053356282271944,True,0.006599999999999999,0.013399999999999995,0.01511099179577093,0.01511099179577093,0.0,0.030679892433837945,0.5201117436814521
IHD,AUS,0.2,0.4367681545460915,0.029053356282271944,True,0.013199999999999998,0.02679999999999999,0.03022198359154186,0.029053356282271944,0.0011686273092699172,0.06135978486767589,1.0
IHD,AUS,0.5,0.4367681545460915,0.029053356282271944,True,0.032999999999999995,0.06699999999999998,0.07555495897885466,0.029053356282271944,0.04650160269658271,0.15339946216918973,1.0
IHD,BGD,0.05,0.5410941823549227,0.05244833460477335,True,0.0032999999999999995,0.006699999999999998,0.006098753428909375,0.006098753428909375,0.0,0.012382317567785699,0.1162811645949636
IHD,BGD,0.1,0.5410941823549227,0.05244833460477335,True,0.006599999999999999,0.013399999999999995,0.01219750685781875,0.01219750685781875,0.0,0.024764635135571398,0.2325623291899272
IHD,BGD,0.2,0.5410941823549227,0.05244833460477335,True,0.013199999999999998,0.02679999999999999,0.0243950137156375,0.0243950137156375,0.0,0.049529270271142796,0.4651246583798544
IHD,BGD,0.5,0.5410941823549227,0.05244833460477335,True,0.032999999999999995,0.06699999999999998,0.06098753428909375,0.05244833460477335,0.008539199684320403,0.12382317567785699,1.0
IHD,BGR,0.05,0.4834392733844448,0.20797465327594453,True,0.0032999999999999995,0.006699999999999998,0.006826090021394982,0.006826090021394982,0.0,0.013859031255559507,0.03282174012011936
IHD,BGR,0.1,0.4834392733844448,0.20797465327594453,True,0.006599999999999999,0.013399999999999995,0.013652180042789964,0.013652180042789964,0.0,0.027718062511119013,0.06564348024023872
IHD,BGR,0.2,0.4834392733844448,0.20797465327594453,True,0.013199999999999998,0.02679999999999999,0.02730436008557993,0.02730436008557993,0.0,0.05543612502223803,0.13128696048047744
IHD,BGR,0.5,0.4834392733844448,0.20797465327594453,True,0.032999999999999995,0.06699999999999998,0.06826090021394982,0.06826090021394982,0.0,0.13859031255559506,0.3282174012011936
IHD,BRA,0.05,0.4024048757315013,0.10667564667473345,True,0.0032999999999999995,0.006699999999999998,0.008200695863839074,0.008200695863839074,0.0,0.016649897662945997,0.0768750517992542
IHD,BRA,0.1,0.4024048757315013,0.10667564667473345,True,0.006599999999999999,0.013399999999999995,0.016401391727678148,0.016401391727678148,0.0,0.033299795325891994,0.1537501035985084
IHD,BRA,0.2,0.4024048757315013,0.10667564667473345,True,0.013199999999999998,0.02679999999999999,0.032802783455356296,0.032802783455356296,0.0,0.06659959065178399,0.3075002071970168
IHD,BRA,0.5,0.4024048757315013,0.10667564667473345,True,0.032999999999999995,0.06699999999999998,0.08200695863839075,0.08200695863839075,0.0,0.16649897662945998,0.7687505179925421
IHD,CAN,0.05,0.3704600775547555,0.0888545574928272,True,0.0032999999999999995,0.006699999999999998,0.008907842436847318,0.008907842436847318,0.0,0.018085619492993033,0.10025194754434971
IHD,CAN,0.1,0.3704600775547555,0.0888545574928272,True,0.006599999999999999,0.013399999999999995,0.017815684873694636,0.017815684873694636,0.0,0.036171238985986065,0.20050389508869942
IHD,CAN,0.2,0.3704600775547555,0.0888545574928272,True,0.013199999999999998,0.02679999999999999,0.03563136974738927,0.03563136974738927,0.0,0.07234247797197213,0.40100779017739885
IHD,CAN,0.5,0.3704600775547555,0.0888545574928272,True,0.032999999999999995,0.06699999999999998,0.08907842436847317,0.0888545574928272,0.00022386687564597552,0.18085619492993035,1.0
IHD,CHN,0.05,0.4269124914133464,0.21938405045433798,True,0.0032999999999999995,0.006699999999999998,0.007729921392262248,0.007729921392262248,0.0,0.015694082826714258,0.035234655282614234
IHD,CHN,0.1,0.4269124914133464,0.21938405045433798,True,0.006599999999999999,0.013399999999999995,0.015459842784524495,0.015459842784524495,0.0,0.031388165653428515,0.07046931056522847
IHD,CHN,0.2,0.4269124914133464,0.21938405045433798,True,0.013199999999999998,0.02679999999999999,0.03091968556904899,0.03091968556904899,0.0,0.06277633130685703,0.14093862113045694
IHD,CHN,0.5,0.4269124914133464,0.21938405045433798,True,0.032999999999999995,0.06699999999999998,0.07729921392262247,0.07729921392262247,0.0,0.15694082826714256,0.3523465528261423
IHD,DEU,0.05,0.39661349273503105,0.07236863206286417,True,0.0032999999999999995,0.006699999999999998,0.008320443102536249,0.008320443102536249,0.0,0.016893020844543288,0.11497306036279037
IHD,DEU,0.1,0.39661349273503105,0.07236863206286417,True,0.006599999999999999,0.013399999999999995,0.016640886205072498,0.016640886205072498,0.0,0.033786041689086575,0.22994612072558074
IHD,DEU,0.2,0.39661349273503105,0.07236863206286417,True,0.013199999999999998,0.02679999999999999,0.033281772410144995,0.033281772410144995,0.0,0.06757208337817315,0.4598922414511615
IHD,DEU,0.5,0.39661349273503105,0.07236863206286417,True,0.032999999999999995,0.06699999999999998,0.08320443102536249,0.07236863206286417,0.010835798962498311,0.16893020844543288,1.0
IHD,EGY,0.05,0.3992561901582348,0.05332264556995112,True,0.0032999999999999995,0.006699999999999998,0.008265369658244072,0.008265369658244072,0.0,0.016781205063707658,0.15500674375582466
IHD,EGY,0.1,0.3992561901582348,0.05332264556995112,True,0.006599999999999999,0.013399999999999995,0.016530739316488144,0.016530739316488144,0.0,0.033562410127415315,0.3100134875116493
IHD,EGY,0.2,0.3992561901582348,0.05332264556995112,True,0.013199999999999998,0.02679999999999999,0.03306147863297629,0.03306147863297629,0.0,0.06712482025483063,0.6200269750232986
IHD,EGY,0.5,0.3992561901582348,0.05332264556995112,True,0.032999999999999995,0.06699999999999998,0.08265369658244072,0.05332264556995112,0.029331051012489597,0.16781205063707658,1.0
IHD,GBR,0.05,0.46147454572798213,0.0512612284132719,True,0.0032999999999999995,0.006699999999999998,0.007150990299571575,0.007150990299571575,0.0,0.01451867727488774,0.13950095463806975
IHD,GBR,0.1,0.46147454572798213,0.0512612284132719,True,0.006599999999999999,0.013399999999999995,0.01430198059914315,0.01430198059914315,0.0,0.02903735454977548,0.2790019092761395
IHD,GBR,0.2,0.46147454572798213,0.0512612284132719,True,0.013199999999999998,0.02679999999999999,0.0286039611982863,0.0286039611982863,0.0,0.05807470909955096,0.558003818552279
IHD,GBR,0.5,0.46147454572798213,0.0512612284132719,True,0.032999999999999995,0.06699999999999998,0.07150990299571575,0.0512612284132719,0.020248674582443844,0.1451867727488774,1.0
IHD,GLB,0.05,0.4565356338821503,0.10720564703436058,True,0.0032999999999999995,0.006699999999999998,0.007228351425579758,0.007228351425579758,0.0,0.014675743803449808,0.06742509956833703
IHD,GLB,0.1,0.4565356338821503,0.10720564703436058,True,0.006599999999999999,0.013399999999999995,0.014456702851159516,0.014456702851159516,0.0,0.029351487606899616,0.13485019913667406
IHD,GLB,0.2,0.4565356338821503,0.10720564703436058,True,0.013199999999999998,0.02679999999999999,0.028913405702319032,0.028913405702319032,0.0,0.05870297521379923,0.26970039827334813
IHD,GLB,0.5,0.4565356338821503,0.10720564703436058,True,0.032999999999999995,0.06699999999999998,0.07228351425579758,0.07228351425579758,0.0,0.1467574380344981,0.6742509956833703
IHD,IND,0.05,0.5242271825514899,0.06228749330900953,True,0.0032999999999999995,0.006699999999999998,0.0062949807065296,0.0062949807065296,0.0,0.012780718404166154,0.10106331740306311
IHD,IND,0.1,0.5242271825514899,0.06228749330900953,True,0.006599999999999999,0.013399999999999995,0.0125899614130592,0.0125899614130592,0.0,0.025561436808332307,0.20212663480612622
IHD,IND,0.2,0.5242271825514899,0.06228749330900953,True,0.013199999999999998,0.02679999999999999,0.0251799228261184,0.0251799228261184,0.0,0.051122873616664614,0.40425326961225244
IHD,IND,0.5,0.5242271825514899,0.06228749330900953,True,0.032999999999999995,0.06699999999999998,0.062949807065296,0.06228749330900953,0.0006623137562864687,0.12780718404166155,1.0
IHD,ISR,0.05,0.28960169610477343,0.10612015721504772,True,0.0032999999999999995,0.006699999999999998,0.011394960887266731,0.011394960887266731,0.0,0.023135223619602147,0.10737791185302671
IHD,ISR,0.1,0.28960169610477343,0.10612015721504772,True,0.006599999999999999,0.013399999999999995,0.022789921774533463,0.022789921774533463,0.0,0.046270447239204295,0.21475582370605342
IHD,ISR,0.2,0.28960169610477343,0.10612015721504772,True,0.013199999999999998,0.02679999999999999,0.045579843549066926,0.045579843549066926,0.0,0.09254089447840859,0.42951164741210685
IHD,ISR,0.5,0.28960169610477343,0.10612015721504772,True,0.032999999999999995,0.06699999999999998,0.11394960887266732,0.10612015721504772,0.007829451657619599,0.23135223619602147,1.0
IHD,JPN,0.05,0.4227689350892897,0.1278859392601527,True,0.0032999999999999995,0.006699999999999998,0.007805682315099695,0.007805682315099695,0.0,0.015847900457929682,0.06103628248935906
IHD,JPN,0.1,0.4227689350892897,0.1278859392601527,True,0.006599999999999999,0.013399999999999995,0.01561136463019939,0.01561136463019939,0.0,0.031695800915859364,0.12207256497871811
IHD,JPN,0.2,0.4227689350892897,0.1278859392601527,True,0.013199999999999998,0.02679999999999999,0.03122272926039878,0.03122272926039878,0.0,0.06339160183171873,0.24414512995743623
IHD,JPN,0.5,0.4227689350892897,0.1278859392601527,True,0.032999999999999995,0.06699999999999998,0.07805682315099695,0.07805682315099695,0.0,0.1584790045792968,0.6103628248935906
IHD,MEX,0.05,0.40477509362594943,0.08912140705154303,True,0.0032999999999999995,0.006699999999999998,0.008152675527633902,0.008152675527633902,0.0,0.016552401828832466,0.0914783080446523
IHD,MEX,0.1,0.40477509362594943,0.08912140705154303,True,0.006599999999999999,0.013399999999999995,0.016305351055267803,0.016305351055267803,0.0,0.03310480365766493,0.1829566160893046
IHD,MEX,0.2,0.40477509362594943,0.08912140705154303,True,0.013199999999999998,0.02679999999999999,0.03261070211053561,0.03261070211053561,0.0,0.06620960731532986,0.3659132321786092
IHD,MEX,0.5,0.40477509362594943,0.08912140705154303,True,0.032999999999999995,0.06699999999999998,0.08152675527633903,0.08152675527633903,0.0,0.16552401828832464,0.9147830804465231
IHD,NGA,0.05,0.37324525651691765,0.05282175199295409,True,0.0032999999999999995,0.006699999999999998,0.008841371571055516,0.008841371571055516,0.0,0.017950663492749076,0.16738126316285135
IHD,NGA,0.1,0.37324525651691765,0.05282175199295409,True,0.006599999999999999,0.013399999999999995,0.017682743142111032,0.017682743142111032,0.0,0.03590132698549815,0.3347625263257027
IHD,NGA,0.2,0.37324525651691765,0.05282175199295409,True,0.013199999999999998,0.02679999999999999,0.035365486284222064,0.035365486284222064,0.0,0.0718026539709963,0.6695250526514054
IHD,NGA,0.5,0.37324525651691765,0.05282175199295409,True,0.032999999999999995,0.06699999999999998,0.08841371571055516,0.05282175199295409,0.03559196371760107,0.17950663492749075,1.0
IHD,NZL,0.05,0.42409656424630804,0.05149274171459874,True,0.0032999999999999995,0.006699999999999998,0.0077812467211675306,0.0077812467211675306,0.0,0.015798288797521952,0.15111346690948219
IHD,NZL,0.1,0.42409656424630804,0.05149274171459874,True,0.006599999999999999,0.013399999999999995,0.015562493442335061,0.015562493442335061,0.0,0.031596577595043904,0.30222693381896437
IHD,NZL,0.2,0.42409656424630804,0.05149274171459874,True,0.013199999999999998,0.02679999999999999,0.031124986884670122,0.031124986884670122,0.0,0.06319315519008781,0.6044538676379287
IHD,NZL,0.5,0.42409656424630804,0.05149274171459874,True,0.032999999999999995,0.06699999999999998,0.07781246721167531,0.05149274171459874,0.02631972549707657,0.15798288797521953,1.0
IHD,ROU,0.05,0.49779454060474315,0.20410693913992362,True,0.0032999999999999995,0.006699999999999998,0.006629241043887326,0.006629241043887326,0.0,0.01345936818001366,0.03247925362960204
IHD,ROU,0.1,0.49779454060474315,0.20410693913992362,True,0.006599999999999999,0.013399999999999995,0.013258482087774652,0.013258482087774652,0.0,0.02691873636002732,0.06495850725920407
IHD,ROU,0.2,0.49779454060474315,0.20410693913992362,True,0.013199999999999998,0.02679999999999999,0.026516964175549305,0.026516964175549305,0.0,0.05383747272005464,0.12991701451840815
IHD,ROU,0.5,0.49779454060474315,0.20410693913992362,True,0.032999999999999995,0.06699999999999998,0.06629241043887327,0.06629241043887327,0.0,0.1345936818001366,0.3247925362960204
IHD,TUR,0.05,0.28321566282106514,0.10755160838421483,True,0.0032999999999999995,0.006699999999999998,0.011651897946353802,0.011651897946353802,0.0,0.023656883709263773,0.10833773777449089
IHD,TUR,0.1,0.28321566282106514,0.10755160838421483,True,0.006599999999999999,0.013399999999999995,0.023303795892707604,0.023303795892707604,0.0,0.047313767418527546,0.21667547554898178
IHD,TUR,0.2,0.28321566282106514,0.10755160838421483,True,0.013199999999999998,0.02679999999999999,0.04660759178541521,0.04660759178541521,0.0,0.09462753483705509,0.43335095109796357
IHD,TUR,0.5,0.28321566282106514,0.10755160838421483,True,0.032999999999999995,0.06699999999999998,0.11651897946353801,0.10755160838421483,0.008967371079323175,0.23656883709263773,1.0
IHD,USA,0.05,0.38538572273363614,0.07520088400975293,True,0.0032999999999999995,0.006699999999999998,0.00856284964734107,0.00856284964734107,0.0,0.017385179587025804,0.11386634293063018
IHD,USA,0.1,0.38538572273363614,0.07520088400975293,True,0.006599999999999999,0.013399999999999995,0.01712569929468214,0.01712569929468214,0.0,0.03477035917405161,0.22773268586126036
IHD,USA,0.2,0.38538572273363614,0.07520088400975293,True,0.013199999999999998,0.02679999999999999,0.03425139858936428,0.03425139858936428,0.0,0.06954071834810321,0.4554653717225207
IHD,USA,0.5,0.38538572273363614,0.07520088400975293,True,0.032999999999999995,0.06699999999999998,0.0856284964734107,0.07520088400975293,0.010427612463657768,0.17385179587025804,1.0
IHD,ZAF,0.05,0.4748834841478313,0.024478252389311488,True,0.0032999999999999995,0.006699999999999998,0.00694907300455349,0.00694907300455349,0.0,0.01410872397894193,0.28388762784339233
IHD,ZAF,0.1,0.4748834841478313,0.024478252389311488,True,0.006599999999999999,0.013399999999999995,0.01389814600910698,0.01389814600910698,0.0,0.02821744795788386,0.5677752556867847
IHD,ZAF,0.2,0.4748834841478313,0.024478252389311488,True,0.013199999999999998,0.02679999999999999,0.02779629201821396,0.024478252389311488,0.00331803962890247,0.05643489591576772,1.0
IHD,ZAF,0.5,0.4748834841478313,0.024478252389311488,True,0.032999999999999995,0.06699999999999998,0.0694907300455349,0.024478252389311488,0.045012477656223404,0.1410872397894193,1.0
IschStroke,AUS,0.05,0.06217578739064252,0.40794979079497906,True,0.0032999999999999995,0.006699999999999998,0.05307532302351913,0.05307532302351913,0.0,0.10775898916896307,0.13010258669354946
IschStroke,AUS,0.1,0.06217578739064252,0.40794979079497906,True,0.006599999999999999,0.013399999999999995,0.10615064604703826,0.10615064604703826,0.0,0.21551797833792613,0.2602051733870989
IschStroke,AUS,0.2,0.06217578739064252,0.40794979079497906,True,0.013199999999999998,0.02679999999999999,0.21230129209407653,0.21230129209407653,0.0,0.43103595667585226,0.5204103467741978
IschStroke,AUS,0.5,0.06217578739064252,0.40794979079497906,True,0.032999999999999995,0.06699999999999998,0.5307532302351913,0.40794979079497906,0.12280343944021221,1.0775898916896307,1.0
IschStroke,BGD,0.05,0.17279687819123132,0.26913834534843806,True,0.0032999999999999995,0.006699999999999998,0.019097567239310578,0.019097567239310578,0.0,0.038773848637388135,0.07095818031646901
IschStroke,BGD,0.1,0.17279687819123132,0.26913834534843806,True,0.006599999999999999,0.013399999999999995,0.038195134478621155,0.038195134478621155,0.0,0.07754769727477627,0.14191636063293803
IschStroke,BGD,0.2,0.17279687819123132,0.26913834534843806,True,0.013199999999999998,0.02679999999999999,0.07639026895724231,0.07639026895724231,0.0,0.15509539454955254,0.28383272126587605
IschStroke,BGD,0.5,0.17279687819123132,0.26913834534843806,True,0.032999999999999995,0.06699999999999998,0.19097567239310576,0.19097567239310576,0.0,0.3877384863738813,0.7095818031646901
IschStroke,BGR,0.05,0.1908535198092092,0.8194945848375451,True,0.0032999999999999995,0.006699999999999998,0.017290747392549613,0.017290747392549613,0.0,0.03510545682729769,0.021099282060512082
IschStroke,BGR,0.1,0.1908535198092092,0.8194945848375451,True,0.006599999999999999,0.013399999999999995,0.034581494785099226,0.034581494785099226,0.0,0.07021091365459538,0.042198564121024164
IschStroke,BGR,0.2,0.1908535198092092,0.8194945848375451,True,0.013199999999999998,0.02679999999999999,0.06916298957019845,0.06916298957019845,0.0,0.14042182730919076,0.08439712824204833
IschStroke,BGR,0.5,0.1908535198092092,0.8194945848375451,True,0.032999999999999995,0.06699999999999998,0.1729074739254961,0.1729074739254961,0.0,0.3510545682729769,0.21099282060512078
IschStroke,BRA,0.05,0.12635426684681525,0.5254442649434572,True,0.0032999999999999995,0.006699999999999998,0.02611704442083252,0.02611704442083252,0.0,0.0530255144301751,0.049704690227502936
IschStroke,BRA,0.1,0.12635426684681525,0.5254442649434572,True,0.006599999999999999,0.013399999999999995,0.05223408884166504,0.05223408884166504,0.0,0.1060510288603502,0.09940938045500587
IschStroke,BRA,0.2,0.12635426684681525,0.5254442649434572,True,0.013199999999999998,0.02679999999999999,0.10446817768333008,0.10446817768333008,0.0,0.2121020577207004,0.19881876091001174
IschStroke,BRA,0.5,0.12635426684681525,0.5254442649434572,True,0.032999999999999995,0.06699999999999998,0.2611704442083252,0.2611704442083252,0.0,0.530255144301751,0.49704690227502935
IschStroke,CAN,0.05,0.08100600543064265,0.6647058823529411,True,0.0032999999999999995,0.006699999999999998,0.04073772040056289,0.04073772040056289,0.0,0.08270991717690039,0.061286836000846834
IschStroke,CAN,0.1,0.08100600543064265,0.6647058823529411,True,0.006599999999999999,0.013399999999999995,0.08147544080112579,0.08147544080112579,0.0,0.16541983435380078,0.12257367200169367
IschStroke,CAN,0.2,0.08100600543064265,0.6647058823529411,True,0.013199999999999998,0.02679999999999999,0.16295088160225157,0.16295088160225157,0.0,0.33083966870760156,0.24514734400338734
IschStroke,CAN,0.5,0.08100600543064265,0.6647058823529411,True,0.032999999999999995,0.06699999999999998,0.4073772040056289,0.4073772040056289,0.0,0.8270991717690039,0.6128683600084682
IschStroke,CHN,0.05,0.18189907013649262,0.7631183867597074,True,0.0032999999999999995,0.006699999999999998,0.018141928914335626,0.018141928914335626,0.0,0.03683361325031778,0.023773413442923896
IschStroke,CHN,0.1,0.18189907013649262,0.7631183867597074,True,0.006599999999999999,0.013399999999999995,0.03628385782867125,0.03628385782867125,0.0,0.07366722650063556,0.04754682688584779
IschStroke,CHN,0.2,0.18189907013649262,0.7631183867597074,True,0.013199999999999998,0.02679999999999999,0.0725677156573425,0.0725677156573425,0.0,0.14733445300127113,0.09509365377169558
IschStroke,CHN,0.5,0.18189907013649262,0.7631183867597074,True,0.032999999999999995,0.06699999999999998,0.18141928914335625,0.18141928914335625,0.0,0.3683361325031778,0.23773413442923896
IschStroke,DEU,0.05,0.0877349078622446,0.625782768300583,True,0.0032999999999999995,0.006699999999999998,0.03761330672600051,0.03761330672600051,0.0,0.07636641062551616,0.060106012231921455
IschStroke,DEU,0.1,0.0877349078622446,0.625782768300583,True,0.006599999999999999,0.013399999999999995,0.07522661345200102,0.07522661345200102,0.0,0.15273282125103232,0.12021202446384291
IschStroke,DEU,0.2,0.0877349078622446,0.625782768300583,True,0.013199999999999998,0.02679999999999999,0.15045322690400204,0.15045322690400204,0.0,0.30546564250206465,0.24042404892768582
IschStroke,DEU,0.5,0.0877349078622446,0.625782768300583,True,0.032999999999999995,0.06699999999999998,0.37613306726000506,0.37613306726000506,0.0,0.7636641062551617,0.6010601223192145
IschStroke,EGY,0.05,0.05281696639024124,0.6455360106206439,True,0.0032999999999999995,0.006699999999999998,0.0624799231295822,0.0624799231295822,0.0,0.12685317726309112,0.09678766498171268
IschStroke,EGY,0.1,0.05281696639024124,0.6455360106206439,True,0.006599999999999999,0.013399999999999995,0.1249598462591644,0.1249598462591644,0.0,0.25370635452618223,0.19357532996342536
IschStroke,EGY,0.2,0.05281696639024124,0.6455360106206439,True,0.013199999999999998,0.02679999999999999,0.2499196925183288,0.2499196925183288,0.0,0.5074127090523645,0.3871506599268507
IschStroke,EGY,0.5,0.05281696639024124,0.6455360106206439,True,0.032999999999999995,0.06699999999999998,0.624799231295822,0.624799231295822,0.0,1.268531772630911,0.9678766498171268
IschStroke,GBR,0.05,0.08310330484193981,0.6136543014996053,True,0.0032999999999999995,0.006699999999999998,0.03970961210599877,0.03970961210599877,0.0,0.08062254579096718,0.06471006885955041
IschStroke,GBR,0.1,0.08310330484193981,0.6136543014996053,True,0.006599999999999999,0.013399999999999995,0.07941922421199754,0.07941922421199754,0.0,0.16124509158193437,0.12942013771910083
IschStroke,GBR,0.2,0.08310330484193981,0.6136543014996053,True,0.013199999999999998,0.02679999999999999,0.15883844842399508,0.15883844842399508,0.0,0.32249018316386874,0.25884027543820165
IschStroke,GBR,0.5,0.08310330484193981,0.6136543014996053,True,0.032999999999999995,0.06699999999999998,0.3970961210599877,0.3970961210599877,0.0,0.8062254579096718,0.6471006885955042
IschStroke,GLB,0.05,0.14337628328090896,0.5766584238253951,True,0.0032999999999999995,0.006699999999999998,0.023016358943651078,0.023016358943651078,0.0,0.04673018330983703,0.03991333169290551
IschStroke,GLB,0.1,0.14337628328090896,0.5766584238253951,True,0.006599999999999999,0.013399999999999995,0.046032717887302156,0.046032717887302156,0.0,0.09346036661967407,0.07982666338581101
IschStroke,GLB,0.2,0.14337628328090896,0.5766584238253951,True,0.013199999999999998,0.02679999999999999,0.09206543577460431,0.09206543577460431,0.0,0.18692073323934813,0.15965332677162203
IschStroke,GLB,0.5,0.14337628328090896,0.5766584238253951,True,0.032999999999999995,0.06699999999999998,0.23016358943651077,0.23016358943651077,0.0,0.4673018330983703,0.399133316929055
IschStroke,IND,0.05,0.15718897939184195,0.29912663755458513,True,0.0032999999999999995,0.006699999999999998,0.020993838198883733,0.020993838198883733,0.0,0.042623853312885145,0.07018378025612226
IschStroke,IND,0.1,0.15718897939184195,0.29912663755458513,True,0.006599999999999999,0.013399999999999995,0.041987676397767466,0.041987676397767466,0.0,0.08524770662577029,0.14036756051224453
IschStroke,IND,0.2,0.15718897939184195,0.29912663755458513,True,0.013199999999999998,0.02679999999999999,0.08397535279553493,0.08397535279553493,0.0,0.17049541325154058,0.28073512102448905
IschStroke,IND,0.5,0.15718897939184195,0.29912663755458513,True,0.032999999999999995,0.06699999999999998,0.20993838198883732,0.20993838198883732,0.0,0.42623853312885146,0.7018378025612226
IschStroke,ISR,0.05,0.0654565204902102,0.7314814814814815,True,0.0032999999999999995,0.006699999999999998,0.05041514543220418,0.05041514543220418,0.0,0.10235802254417209,0.06892197097060825
IschStroke,ISR,0.1,0.0654565204902102,0.7314814814814815,True,0.006599999999999999,0.013399999999999995,0.10083029086440835,0.10083029086440835,0.0,0.20471604508834418,0.1378439419412165
IschStroke,ISR,0.2,0.0654565204902102,0.7314814814814815,True,0.013199999999999998,0.02679999999999999,0.2016605817288167,0.2016605817288167,0.0,0.40943209017668836,0.275687883882433
IschStroke,ISR,0.5,0.0654565204902102,0.7314814814814815,True,0.032999999999999995,0.06699999999999998,0.5041514543220418,0.5041514543220418,0.0,1.023580225441721,0.6892197097060824
IschStroke,JPN,0.05,0.12172806303734093,0.7257568398899142,True,0.0032999999999999995,0.006699999999999998,0.027109607412283406,0.027109607412283406,0.0,0.055040718079484484,0.03735356792007018
IschStroke,JPN,0.1,0.12172806303734093,0.7257568398899142,True,0.006599999999999999,0.013399999999999995,0.05421921482456681,0.05421921482456681,0.0,0.11008143615896897,0.07470713584014035
IschStroke,JPN,0.2,0.12172806303734093,0.7257568398899142,True,0.013199999999999998,0.02679999999999999,0.10843842964913362,0.10843842964913362,0.0,0.22016287231793794,0.1494142716802807
IschStroke,JPN,0.5,0.12172806303734093,0.7257568398899142,True,0.032999999999999995,0.06699999999999998,0.27109607412283404,0.27109607412283404,0.0,0.5504071807948449,0.3735356792007017
IschStroke,MEX,0.05,0.09180914998358336,0.6812998859749145,True,0.0032999999999999995,0.006699999999999998,0.03594412975820037,0.03594412975820037,0.0,0.07297747556967953,0.052758162004923385
IschStroke,MEX,0.1,0.09180914998358336,0.6812998859749145,True,0.006599999999999999,0.013399999999999995,0.07188825951640074,0.07188825951640074,0.0,0.14595495113935905,0.10551632400984677
IschStroke,MEX,0.2,0.09180914998358336,0.6812998859749145,True,0.013199999999999998,0.02679999999999999,0.14377651903280148,0.14377651903280148,0.0,0.2919099022787181,0.21103264801969354
IschStroke,MEX,0.5,0.09180914998358336,0.6812998859749145,True,0.032999999999999995,0.06699999999999998,0.35944129758200366,0.35944129758200366,0.0,0.7297747556967952,0.5275816200492338
IschStroke,NGA,0.05,0.09111719376501932,0.38241980298055067,True,0.0032999999999999995,0.006699999999999998,0.036217094311643494,0.036217094311643494,0.0,0.07353167632970041,0.09470507026406644
IschStroke,NGA,0.1,0.09111719376501932,0.38241980298055067,True,0.006599999999999999,0.013399999999999995,0.07243418862328699,0.07243418862328699,0.0,0.14706335265940082,0.18941014052813288
IschStroke,NGA,0.2,0.09111719376501932,0.38241980298055067,True,0.013199999999999998,0.02679999999999999,0.14486837724657398,0.14486837724657398,0.0,0.29412670531880164,0.37882028105626575
IschStroke,NGA,0.5,0.09111719376501932,0.38241980298055067,True,0.032999999999999995,0.06699999999999998,0.36217094311643494,0.36217094311643494,0.0,0.7353167632970041,0.9470507026406644
IschStroke,NZL,0.05,0.07008509571715195,0.5172413793103449,True,0.0032999999999999995,0.006699999999999998,0.04708561736603849,0.04708561736603849,0.0,0.09559807162195691,0.09103219357434107
IschStroke,NZL,0.1,0.07008509571715195,0.5172413793103449,True,0.006599999999999999,0.013399999999999995,0.09417123473207697,0.09417123473207697,0.0,0.19119614324391382,0.18206438714868214
IschStroke,NZL,0.2,0.07008509571715195,0.5172413793103449,True,0.013199999999999998,0.02679999999999999,0.18834246946415395,0.18834246946415395,0.0,0.38239228648782764,0.3641287742973643
IschStroke,NZL,0.5,0.07008509571715195,0.5172413793103449,True,0.032999999999999995,0.06699999999999998,0.4708561736603849,0.4708561736603849,0.0,0.9559807162195691,0.9103219357434108
IschStroke,ROU,0.05,0.18459827589730987,0.901362218939767,True,0.0032999999999999995,0.006699999999999998,0.01787665666951167,0.01787665666951167,0.0,0.03629503020779641,0.019832933191430188
IschStroke,ROU,0.1,0.18459827589730987,0.901362218939767,True,0.006599999999999999,0.013399999999999995,0.03575331333902334,0.03575331333902334,0.0,0.07259006041559282,0.039665866382860376
IschStroke,ROU,0.2,0.18459827589730987,0.901362218939767,True,0.013199999999999998,0.02679999999999999,0.07150662667804668,0.07150662667804668,0.0,0.14518012083118564,0.07933173276572075
IschStroke,ROU,0.5,0.18459827589730987,0.901362218939767,True,0.032999999999999995,0.06699999999999998,0.17876656669511667,0.17876656669511667,0.0,0.3629503020779641,0.19832933191430185
IschStroke,TUR,0.05,0.06001202049190889,0.7718023255813954,True,0.0032999999999999995,0.006699999999999998,0.054988983422828125,0.054988983422828125,0.0,0.11164429967665102,0.07124749641225188
IschStroke,TUR,0.1,0.06001202049190889,0.7718023255813954,True,0.006599999999999999,0.013399999999999995,0.10997796684565625,0.10997796684565625,0.0,0.22328859935330203,0.14249499282450376
IschStroke,TUR,0.2,0.06001202049190889,0.7718023255813954,True,0.013199999999999998,0.02679999999999999,0.2199559336913125,0.2199559336913125,0.0,0.44657719870660406,0.2849899856490075
IschStroke,TUR,0.5,0.06001202049190889,0.7718023255813954,True,0.032999999999999995,0.06699999999999998,0.5498898342282812,0.5498898342282812,0.0,1.1164429967665102,0.7124749641225188
IschStroke,USA,0.05,0.09018049008616769,0.607018733576333,True,0.0032999999999999995,0.006699999999999998,0.036593280839867265,0.036593280839867265,0.0,0.0742954489779123,0.06028361039909428
IschStroke,USA,0.1,0.09018049008616769,0.607018733576333,True,0.006599999999999999,0.013399999999999995,0.07318656167973453,0.07318656167973453,0.0,0.1485908979558246,0.12056722079818856
IschStroke,USA,0.2,0.09018049008616769,0.607018733576333,True,0.013199999999999998,0.02679999999999999,0.14637312335946906,0.14637312335946906,0.0,0.2971817959116492,0.24113444159637712
IschStroke,USA,0.5,0.09018049008616769,0.607018733576333,True,0.032999999999999995,0.06699999999999998,0.3659328083986726,0.3659328083986726,0.0,0.742954489779123,0.6028361039909427
IschStroke,ZAF,0.05,0.10548284757994124,0.2231404958677686,True,0.0032999999999999995,0.006699999999999998,0.031284707188996404,0.031284707188996404,0.0,0.06351743580796237,0.14020183592105795
IschStroke,ZAF,0.1,0.10548284757994124,0.2231404958677686,True,0.006599999999999999,0.013399999999999995,0.06256941437799281,0.06256941437799281,0.0,0.12703487161592475,0.2804036718421159
IschStroke,ZAF,0.2,0.10548284757994124,0.2231404958677686,True,0.013199999999999998,0.02679999999999999,0.12513882875598561,0.12513882875598561,0.0,0.2540697432318495,0.5608073436842318
IschStroke,ZAF,0.5,0.10548284757994124,0.2231404958677686,True,0.032999999999999995,0.06699999999999998,0.312847071889964,0.2231404958677686,0.08970657602219542,0.6351743580796239,1.0
T2D,AUS,0.05,0.3485712936278227,0.9758211678832117,True,,,,0.9758211678832117,,,1.0
T2D,AUS,0.1,0.3485712936278227,0.9758211678832117,True,,,,0.9758211678832117,,,1.0
T2D,AUS,0.2,0.3485712936278227,0.9758211678832117,True,,,,0.9758211678832117,,,1.0
T2D,AUS,0.5,0.3485712936278227,0.9758211678832117,True,,,,0.9758211678832117,,,1.0
T2D,BGD,0.05,0.2882163243215705,0.9222828204129334,True,,,,0.9222828204129334,,,1.0
T2D,BGD,0.1,0.2882163243215705,0.9222828204129334,True,,,,0.9222828204129334,,,1.0
T2D,BGD,0.2,0.2882163243215705,0.9222828204129334,True,,,,0.9222828204129334,,,1.0
T2D,BGD,0.5,0.2882163243215705,0.9222828204129334,True,,,,0.9222828204129334,,,1.0
T2D,BGR,0.05,0.2744078992724654,0.9705882352941176,True,,,,0.9705882352941176,,,1.0
T2D,BGR,0.1,0.2744078992724654,0.9705882352941176,True,,,,0.9705882352941176,,,1.0
T2D,BGR,0.2,0.2744078992724654,0.9705882352941176,True,,,,0.9705882352941176,,,1.0
T2D,BGR,0.5,0.2744078992724654,0.9705882352941176,True,,,,0.9705882352941176,,,1.0
T2D,BRA,0.05,0.22385244690066028,0.9703060480932718,True,,,,0.9703060480932718,,,1.0
T2D,BRA,0.1,0.22385244690066028,0.9703060480932718,True,,,,0.9703060480932718,,,1.0
T2D,BRA,0.2,0.22385244690066028,0.9703060480932718,True,,,,0.9703060480932718,,,1.0
T2D,BRA,0.5,0.22385244690066028,0.9703060480932718,True,,,,0.9703060480932718,,,1.0
T2D,CAN,0.05,0.31280709849580535,0.9855380689068481,True,,,,0.9855380689068481,,,1.0
T2D,CAN,0.1,0.31280709849580535,0.9855380689068481,True,,,,0.9855380689068481,,,1.0
T2D,CAN,0.2,0.31280709849580535,0.9855380689068481,True,,,,0.9855380689068481,,,1.0
T2D,CAN,0.5,0.31280709849580535,0.9855380689068481,True,,,,0.9855380689068481,,,1.0
T2D,CHN,0.05,0.2115194099748796,0.9782961360731491,True,,,,0.9782961360731491,,,1.0
T2D,CHN,0.1,0.2115194099748796,0.9782961360731491,True,,,,0.9782961360731491,,,1.0
T2D,CHN,0.2,0.2115194099748796,0.9782961360731491,True,,,,0.9782961360731491,,,1.0
T2D,CHN,0.5,0.2115194099748796,0.9782961360731491,True,,,,0.9782961360731491,,,1.0
T2D,DEU,0.05,0.33262275342916603,0.9786207652669663,True,,,,0.9786207652669663,,,1.0
T2D,DEU,0.1,0.33262275342916603,0.9786207652669663,True,,,,0.9786207652669663,,,1.0
T2D,DEU,0.2,0.33262275342916603,0.9786207652669663,True,,,,0.9786207652669663,,,1.0
T2D,DEU,0.5,0.33262275342916603,0.9786207652669663,True,,,,0.9786207652669663,,,1.0
T2D,EGY,0.05,0.10133829800361915,0.9896869244935543,True,,,,0.9896869244935543,,,1.0
T2D,EGY,0.1,0.10133829800361915,0.9896869244935543,True,,,,0.9896869244935543,,,1.0
T2D,EGY,0.2,0.10133829800361915,0.9896869244935543,True,,,,0.9896869244935543,,,1.0
T2D,EGY,0.5,0.10133829800361915,0.9896869244935543,True,,,,0.9896869244935543,,,1.0
T2D,GBR,0.05,0.3404260129739302,0.9790782292298362,True,,,,0.9790782292298362,,,1.0
T2D,GBR,0.1,0.3404260129739302,0.9790782292298362,True,,,,0.9790782292298362,,,1.0
T2D,GBR,0.2,0.3404260129739302,0.9790782292298362,True,,,,0.9790782292298362,,,1.0
T2D,GBR,0.5,0.3404260129739302,0.9790782292298362,True,,,,0.9790782292298362,,,1.0
T2D,GLB,0.05,0.2105322546801017,0.9670857423190383,True,,,,0.9670857423190383,,,1.0
T2D,GLB,0.1,0.2105322546801017,0.9670857423190383,True,,,,0.9670857423190383,,,1.0
T2D,GLB,0.2,0.2105322546801017,0.9670857423190383,True,,,,0.9670857423190383,,,1.0
T2D,GLB,0.5,0.2105322546801017,0.9670857423190383,True,,,,0.9670857423190383,,,1.0
T2D,IND,0.05,0.17645942072763654,0.9625704582229414,True,,,,0.9625704582229414,,,1.0
T2D,IND,0.1,0.17645942072763654,0.9625704582229414,True,,,,0.9625704582229414,,,1.0
T2D,IND,0.2,0.17645942072763654,0.9625704582229414,True,,,,0.9625704582229414,,,1.0
T2D,IND,0.5,0.17645942072763654,0.9625704582229414,True,,,,0.9625704582229414,,,1.0
T2D,ISR,0.05,0.24780404091613534,0.9855643044619422,True,,,,0.9855643044619422,,,1.0
T2D,ISR,0.1,0.24780404091613534,0.9855643044619422,True,,,,0.9855643044619422,,,1.0
T2D,ISR,0.2,0.24780404091613534,0.9855643044619422,True,,,,0.9855643044619422,,,1.0
T2D,ISR,0.5,0.24780404091613534,0.9855643044619422,True,,,,0.9855643044619422,,,1.0
T2D,JPN,0.05,0.30858282715636975,0.9537227094607202,True,,,,0.9537227094607202,,,1.0
T2D,JPN,0.1,0.30858282715636975,0.9537227094607202,True,,,,0.9537227094607202,,,1.0
T2D,JPN,0.2,0.30858282715636975,0.9537227094607202,True,,,,0.9537227094607202,,,1.0
T2D,JPN,0.5,0.30858282715636975,0.9537227094607202,True,,,,0.9537227094607202,,,1.0
T2D,MEX,0.05,0.2348173698542984,0.9956571615863651,True,,,,0.9956571615863651,,,1.0
T2D,MEX,0.1,0.2348173698542984,0.9956571615863651,True,,,,0.9956571615863651,,,1.0
T2D,MEX,0.2,0.2348173698542984,0.9956571615863651,True,,,,0.9956571615863651,,,1.0
T2D,MEX,0.5,0.2348173698542984,0.9956571615863651,True,,,,0.9956571615863651,,,1.0
T2D,NGA,0.05,0.13665220109212373,0.9965004374453194,True,,,,0.9965004374453194,,,1.0
T2D,NGA,0.1,0.13665220109212373,0.9965004374453194,True,,,,0.9965004374453194,,,1.0
T2D,NGA,0.2,0.13665220109212373,0.9965004374453194,True,,,,0.9965004374453194,,,1.0
T2D,NGA,0.5,0.13665220109212373,0.9965004374453194,True,,,,0.9965004374453194,,,1.0
T2D,NZL,0.05,0.316211834337836,0.9767441860465116,True,,,,0.9767441860465116,,,1.0
T2D,NZL,0.1,0.316211834337836,0.9767441860465116,True,,,,0.9767441860465116,,,1.0
T2D,NZL,0.2,0.316211834337836,0.9767441860465116,True,,,,0.9767441860465116,,,1.0
T2D,NZL,0.5,0.316211834337836,0.9767441860465116,True,,,,0.9767441860465116,,,1.0
T2D,ROU,0.05,0.2721625328598921,0.9901960784313726,True,,,,0.9901960784313726,,,1.0
T2D,ROU,0.1,0.2721625328598921,0.9901960784313726,True,,,,0.9901960784313726,,,1.0
T2D,ROU,0.2,0.2721625328598921,0.9901960784313726,True,,,,0.9901960784313726,,,1.0
T2D,ROU,0.5,0.2721625328598921,0.9901960784313726,True,,,,0.9901960784313726,,,1.0
T2D,TUR,0.05,0.1309838863349467,0.9932375316990701,True,,,,0.9932375316990701,,,1.0
T2D,TUR,0.1,0.1309838863349467,0.9932375316990701,True,,,,0.9932375316990701,,,1.0
T2D,TUR,0.2,0.1309838863349467,0.9932375316990701,True,,,,0.9932375316990701,,,1.0
T2D,TUR,0.5,0.1309838863349467,0.9932375316990701,True,,,,0.9932375316990701,,,1.0
T2D,USA,0.05,0.3940317389129469,0.9846657477601654,True,,,,0.9846657477601654,,,1.0
T2D,USA,0.1,0.3940317389129469,0.9846657477601654,True,,,,0.9846657477601654,,,1.0
T2D,USA,0.2,0.3940317389129469,0.9846657477601654,True,,,,0.9846657477601654,,,1.0
T2D,USA,0.5,0.3940317389129469,0.9846657477601654,True,,,,0.9846657477601654,,,1.0
T2D,ZAF,0.05,0.237825233625018,0.9793836805555556,True,,,,0.9793836805555556,,,1.0
T2D,ZAF,0.1,0.237825233625018,0.9793836805555556,True,,,,0.9793836805555556,,,1.0
T2D,ZAF,0.2,0.237825233625018,0.9793836805555556,True,,,,0.9793836805555556,,,1.0
T2D,ZAF,0.5,0.237825233625018,0.9793836805555556,True,,,,0.9793836805555556,,,1.0
ICH,AUS,0.05,0.004112494328093274,0.30097087378640774,False,,,,0.30097087378640774,,,1.0
ICH,AUS,0.1,0.004112494328093274,0.30097087378640774,False,,,,0.30097087378640774,,,1.0
ICH,AUS,0.2,0.004112494328093274,0.30097087378640774,False,,,,0.30097087378640774,,,1.0
ICH,AUS,0.5,0.004112494328093274,0.30097087378640774,False,,,,0.30097087378640774,,,1.0
ICH,BGD,0.05,0.2046149313910481,0.19409937888198758,False,,,,0.19409937888198758,,,1.0
ICH,BGD,0.1,0.2046149313910481,0.19409937888198758,False,,,,0.19409937888198758,,,1.0
ICH,BGD,0.2,0.2046149313910481,0.19409937888198758,False,,,,0.19409937888198758,,,1.0
ICH,BGD,0.5,0.2046149313910481,0.19409937888198758,False,,,,0.19409937888198758,,,1.0
ICH,BGR,0.05,0.17612956348628,0.7321428571428571,False,,,,0.7321428571428571,,,1.0
ICH,BGR,0.1,0.17612956348628,0.7321428571428571,False,,,,0.7321428571428571,,,1.0
ICH,BGR,0.2,0.17612956348628,0.7321428571428571,False,,,,0.7321428571428571,,,1.0
ICH,BGR,0.5,0.17612956348628,0.7321428571428571,False,,,,0.7321428571428571,,,1.0
ICH,BRA,0.05,0.06148192235248255,0.45295404814004375,False,,,,0.45295404814004375,,,1.0
ICH,BRA,0.1,0.06148192235248255,0.45295404814004375,False,,,,0.45295404814004375,,,1.0
ICH,BRA,0.2,0.06148192235248255,0.45295404814004375,False,,,,0.45295404814004375,,,1.0
ICH,BRA,0.5,0.06148192235248255,0.45295404814004375,False,,,,0.45295404814004375,,,1.0
ICH,CAN,0.05,0.041229882334852926,0.5321285140562249,False,,,,0.5321285140562249,,,1.0
ICH,CAN,0.1,0.041229882334852926,0.5321285140562249,False,,,,0.5321285140562249,,,1.0
ICH,CAN,0.2,0.041229882334852926,0.5321285140562249,False,,,,0.5321285140562249,,,1.0
ICH,CAN,0.5,0.041229882334852926,0.5321285140562249,False,,,,0.5321285140562249,,,1.0
ICH,CHN,0.05,0.16290716013184767,0.7361221024169882,False,,,,0.7361221024169882,,,1.0
ICH,CHN,0.1,0.16290716013184767,0.7361221024169882,False,,,,0.7361221024169882,,,1.0
ICH,CHN,0.2,0.16290716013184767,0.7361221024169882,False,,,,0.7361221024169882,,,1.0
ICH,CHN,0.5,0.16290716013184767,0.7361221024169882,False,,,,0.7361221024169882,,,1.0
ICH,DEU,0.05,0.03179418098049374,0.5028449502133713,False,,,,0.5028449502133713,,,1.0
ICH,DEU,0.1,0.03179418098049374,0.5028449502133713,False,,,,0.5028449502133713,,,1.0
ICH,DEU,0.2,0.03179418098049374,0.5028449502133713,False,,,,0.5028449502133713,,,1.0
ICH,DEU,0.5,0.03179418098049374,0.5028449502133713,False,,,,0.5028449502133713,,,1.0
ICH,EGY,0.05,0.05121471193874535,0.3573743922204214,False,,,,0.3573743922204214,,,1.0
ICH,EGY,0.1,0.05121471193874535,0.3573743922204214,False,,,,0.3573743922204214,,,1.0
ICH,EGY,0.2,0.05121471193874535,0.3573743922204214,False,,,,0.3573743922204214,,,1.0
ICH,EGY,0.5,0.05121471193874535,0.3573743922204214,False,,,,0.3573743922204214,,,1.0
ICH,GBR,0.05,0.04026017029038233,0.4134078212290503,False,,,,0.4134078212290503,,,1.0
ICH,GBR,0.1,0.04026017029038233,0.4134078212290503,False,,,,0.4134078212290503,,,1.0
ICH,GBR,0.2,0.04026017029038233,0.4134078212290503,False,,,,0.4134078212290503,,,1.0
ICH,GBR,0.5,0.04026017029038233,0.4134078212290503,False,,,,0.4134078212290503,,,1.0
ICH,GLB,0.05,0.15934524632292496,0.5297543174832243,False,,,,0.5297543174832243,,,1.0
ICH,GLB,0.1,0.15934524632292496,0.5297543174832243,False,,,,0.5297543174832243,,,1.0
ICH,GLB,0.2,0.15934524632292496,0.5297543174832243,False,,,,0.5297543174832243,,,1.0
ICH,GLB,0.5,0.15934524632292496,0.5297543174832243,False,,,,0.5297543174832243,,,1.0
ICH,IND,0.05,0.19664105033937965,0.27939492113358205,False,,,,0.27939492113358205,,,1.0
ICH,IND,0.1,0.19664105033937965,0.27939492113358205,False,,,,0.27939492113358205,,,1.0
ICH,IND,0.2,0.19664105033937965,0.27939492113358205,False,,,,0.27939492113358205,,,1.0
ICH,IND,0.5,0.19664105033937965,0.27939492113358205,False,,,,0.27939492113358205,,,1.0
ICH,ISR,0.05,0.021540451475070926,0.5764705882352941,False,,,,0.5764705882352941,,,1.0
ICH,ISR,0.1,0.021540451475070926,0.5764705882352941,False,,,,0.5764705882352941,,,1.0
ICH,ISR,0.2,0.021540451475070926,0.5764705882352941,False,,,,0.5764705882352941,,,1.0
ICH,ISR,0.5,0.021540451475070926,0.5764705882352941,False,,,,0.5764705882352941,,,1.0
ICH,JPN,0.05,0.11116257703901646,0.6229508196721312,False,,,,0.6229508196721312,,,1.0
ICH,JPN,0.1,0.11116257703901646,0.6229508196721312,False,,,,0.6229508196721312,,,1.0
ICH,JPN,0.2,0.11116257703901646,0.6229508196721312,False,,,,0.6229508196721312,,,1.0
ICH,JPN,0.5,0.11116257703901646,0.6229508196721312,False,,,,0.6229508196721312,,,1.0
ICH,MEX,0.05,0.04728945017559521,0.4555633310006998,False,,,,0.4555633310006998,,,1.0
ICH,MEX,0.1,0.04728945017559521,0.4555633310006998,False,,,,0.4555633310006998,,,1.0
ICH,MEX,0.2,0.04728945017559521,0.4555633310006998,False,,,,0.4555633310006998,,,1.0
ICH,MEX,0.5,0.04728945017559521,0.4555633310006998,False,,,,0.4555633310006998,,,1.0
ICH,NGA,0.05,0.12210113020937192,0.2365812605199177,False,,,,0.2365812605199177,,,1.0
ICH,NGA,0.1,0.12210113020937192,0.2365812605199177,False,,,,0.2365812605199177,,,1.0
ICH,NGA,0.2,0.12210113020937192,0.2365812605199177,False,,,,0.2365812605199177,,,1.0
ICH,NGA,0.5,0.12210113020937192,0.2365812605199177,False,,,,0.2365812605199177,,,1.0
ICH,NZL,0.05,0.016995551624586082,0.42857142857142855,False,,,,0.42857142857142855,,,1.0
ICH,NZL,0.1,0.016995551624586082,0.42857142857142855,False,,,,0.42857142857142855,,,1.0
ICH,NZL,0.2,0.016995551624586082,0.42857142857142855,False,,,,0.42857142857142855,,,1.0
ICH,NZL,0.5,0.016995551624586082,0.42857142857142855,False,,,,0.42857142857142855,,,1.0
ICH,ROU,0.05,0.154781621696392,0.7785651018600531,False,,,,0.7785651018600531,,,1.0
ICH,ROU,0.1,0.154781621696392,0.7785651018600531,False,,,,0.7785651018600531,,,1.0
ICH,ROU,0.2,0.154781621696392,0.7785651018600531,False,,,,0.7785651018600531,,,1.0
ICH,ROU,0.5,0.154781621696392,0.7785651018600531,False,,,,0.7785651018600531,,,1.0
ICH,TUR,0.05,0.03478619258655357,0.5767494356659142,False,,,,0.5767494356659142,,,1.0
ICH,TUR,0.1,0.03478619258655357,0.5767494356659142,False,,,,0.5767494356659142,,,1.0
ICH,TUR,0.2,0.03478619258655357,0.5767494356659142,False,,,,0.5767494356659142,,,1.0
ICH,TUR,0.5,0.03478619258655357,0.5767494356659142,False,,,,0.5767494356659142,,,1.0
ICH,USA,0.05,0.028844378337805513,0.4808864265927978,False,,,,0.4808864265927978,,,1.0
ICH,USA,0.1,0.028844378337805513,0.4808864265927978,False,,,,0.4808864265927978,,,1.0
ICH,USA,0.2,0.028844378337805513,0.4808864265927978,False,,,,0.4808864265927978,,,1.0
ICH,USA,0.5,0.028844378337805513,0.4808864265927978,False,,,,0.4808864265927978,,,1.0
ICH,ZAF,0.05,0.1200549126007324,0.11923411662315056,False,,,,0.11923411662315056,,,1.0
ICH,ZAF,0.1,0.1200549126007324,0.11923411662315056,False,,,,0.11923411662315056,,,1.0
ICH,ZAF,0.2,0.1200549126007324,0.11923411662315056,False,,,,0.11923411662315056,,,1.0
ICH,ZAF,0.5,0.1200549126007324,0.11923411662315056,False,,,,0.11923411662315056,,,1.0
SAH,AUS,0.05,-0.002757259432959216,0.2903225806451613,False,,,,0.2903225806451613,,,1.0
SAH,AUS,0.1,-0.002757259432959216,0.2903225806451613,False,,,,0.2903225806451613,,,1.0
SAH,AUS,0.2,-0.002757259432959216,0.2903225806451613,False,,,,0.2903225806451613,,,1.0
SAH,AUS,0.5,-0.002757259432959216,0.2903225806451613,False,,,,0.2903225806451613,,,1.0
SAH,BGD,0.05,0.22877879195893158,0.15866388308977036,False,,,,0.15866388308977036,,,1.0
SAH,BGD,0.1,0.22877879195893158,0.15866388308977036,False,,,,0.15866388308977036,,,1.0
SAH,BGD,0.2,0.22877879195893158,0.15866388308977036,False,,,,0.15866388308977036,,,1.0
SAH,BGD,0.5,0.22877879195893158,0.15866388308977036,False,,,,0.15866388308977036,,,1.0
SAH,BGR,0.05,0.16803543604092766,0.6929824561403509,False,,,,0.6929824561403509,,,1.0
SAH,BGR,0.1,0.16803543604092766,0.6929824561403509,False,,,,0.6929824561403509,,,1.0
SAH,BGR,0.2,0.16803543604092766,0.6929824561403509,False,,,,0.6929824561403509,,,1.0
SAH,BGR,0.5,0.16803543604092766,0.6929824561403509,False,,,,0.6929824561403509,,,1.0
SAH,BRA,0.05,0.053541537968087215,0.3873343151693667,False,,,,0.3873343151693667,,,1.0
SAH,BRA,0.1,0.053541537968087215,0.3873343151693667,False,,,,0.3873343151693667,,,1.0
SAH,BRA,0.2,0.053541537968087215,0.3873343151693667,False,,,,0.3873343151693667,,,1.0
SAH,BRA,0.5,0.053541537968087215,0.3873343151693667,False,,,,0.3873343151693667,,,1.0
SAH,CAN,0.05,0.03341683194258304,0.4857142857142857,False,,,,0.4857142857142857,,,1.0
SAH,CAN,0.1,0.03341683194258304,0.4857142857142857,False,,,,0.4857142857142857,,,1.0
SAH,CAN,0.2,0.03341683194258304,0.4857142857142857,False,,,,0.4857142857142857,,,1.0
SAH,CAN,0.5,0.03341683194258304,0.4857142857142857,False,,,,0.4857142857142857,,,1.0
SAH,CHN,0.05,0.17080109187852172,0.7331386586284853,False,,,,0.7331386586284853,,,1.0
SAH,CHN,0.1,0.17080109187852172,0.7331386586284853,False,,,,0.7331386586284853,,,1.0
SAH,CHN,0.2,0.17080109187852172,0.7331386586284853,False,,,,0.7331386586284853,,,1.0
SAH,CHN,0.5,0.17080109187852172,0.7331386586284853,False,,,,0.7331386586284853,,,1.0
SAH,DEU,0.05,0.024845674510824076,0.46265060240963857,False,,,,0.46265060240963857,,,1.0
SAH,DEU,0.1,0.024845674510824076,0.46265060240963857,False,,,,0.46265060240963857,,,1.0
SAH,DEU,0.2,0.024845674510824076,0.46265060240963857,False,,,,0.46265060240963857,,,1.0
SAH,DEU,0.5,0.024845674510824076,0.46265060240963857,False,,,,0.46265060240963857,,,1.0
SAH,EGY,0.05,0.05114180282577379,0.32456140350877194,False,,,,0.32456140350877194,,,1.0
SAH,EGY,0.1,0.05114180282577379,0.32456140350877194,False,,,,0.32456140350877194,,,1.0
SAH,EGY,0.2,0.05114180282577379,0.32456140350877194,False,,,,0.32456140350877194,,,1.0
SAH,EGY,0.5,0.05114180282577379,0.32456140350877194,False,,,,0.32456140350877194,,,1.0
SAH,GBR,0.05,0.03203551214446077,0.34560906515580736,False,,,,0.34560906515580736,,,1.0
SAH,GBR,0.1,0.03203551214446077,0.34560906515580736,False,,,,0.34560906515580736,,,1.0
SAH,GBR,0.2,0.03203551214446077,0.34560906515580736,False,,,,0.34560906515580736,,,1.0
SAH,GBR,0.5,0.03203551214446077,0.34560906515580736,False,,,,0.34560906515580736,,,1.0
SAH,GLB,0.05,0.1404609464944713,0.5010232227066465,False,,,,0.5010232227066465,,,1.0
SAH,GLB,0.1,0.1404609464944713,0.5010232227066465,False,,,,0.5010232227066465,,,1.0
SAH,GLB,0.2,0.1404609464944713,0.5010232227066465,False,,,,0.5010232227066465,,,1.0
SAH,GLB,0.5,0.1404609464944713,0.5010232227066465,False,,,,0.5010232227066465,,,1.0
SAH,IND,0.05,0.21584105379953217,0.25796844816484227,False,,,,0.25796844816484227,,,1.0
SAH,IND,0.1,0.21584105379953217,0.25796844816484227,False,,,,0.25796844816484227,,,1.0
SAH,IND,0.2,0.21584105379953217,0.25796844816484227,False,,,,0.25796844816484227,,,1.0
SAH,IND,0.5,0.21584105379953217,0.25796844816484227,False,,,,0.25796844816484227,,,1.0
SAH,ISR,0.05,0.0160157153060228,0.5714285714285714,False,,,,0.5714285714285714,,,1.0
SAH,ISR,0.1,0.0160157153060228,0.5714285714285714,False,,,,0.5714285714285714,,,1.0
SAH,ISR,0.2,0.0160157153060228,0.5714285714285714,False,,,,0.5714285714285714,,,1.0
SAH,ISR,0.5,0.0160157153060228,0.5714285714285714,False,,,,0.5714285714285714,,,1.0
SAH,JPN,0.05,0.10991103641811474,0.5758683729433273,False,,,,0.5758683729433273,,,1.0
SAH,JPN,0.1,0.10991103641811474,0.5758683729433273,False,,,,0.5758683729433273,,,1.0
SAH,JPN,0.2,0.10991103641811474,0.5758683729433273,False,,,,0.5758683729433273,,,1.0
SAH,JPN,0.5,0.10991103641811474,0.5758683729433273,False,,,,0.5758683729433273,,,1.0
SAH,MEX,0.05,0.04235478323933372,0.3992467043314501,False,,,,0.3992467043314501,,,1.0
SAH,MEX,0.1,0.04235478323933372,0.3992467043314501,False,,,,0.3992467043314501,,,1.0
SAH,MEX,0.2,0.04235478323933372,0.3992467043314501,False,,,,0.3992467043314501,,,1.0
SAH,MEX,0.5,0.04235478323933372,0.3992467043314501,False,,,,0.3992467043314501,,,1.0
SAH,NGA,0.05,0.1337742869874884,0.20921985815602837,False,,,,0.20921985815602837,,,1.0
SAH,NGA,0.1,0.1337742869874884,0.20921985815602837,False,,,,0.20921985815602837,,,1.0
SAH,NGA,0.2,0.1337742869874884,0.20921985815602837,False,,,,0.20921985815602837,,,1.0
SAH,NGA,0.5,0.1337742869874884,0.20921985815602837,False,,,,0.20921985815602837,,,1.0
SAH,NZL,0.05,0.004114653538410926,0.36,False,,,,0.36,,,1.0
SAH,NZL,0.1,0.004114653538410926,0.36,False,,,,0.36,,,1.0
SAH,NZL,0.2,0.004114653538410926,0.36,False,,,,0.36,,,1.0
SAH,NZL,0.5,0.004114653538410926,0.36,False,,,,0.36,,,1.0
SAH,ROU,0.05,0.14518934088253976,0.7563025210084033,False,,,,0.7563025210084033,,,1.0
SAH,ROU,0.1,0.14518934088253976,0.7563025210084033,False,,,,0.7563025210084033,,,1.0
SAH,ROU,0.2,0.14518934088253976,0.7563025210084033,False,,,,0.7563025210084033,,,1.0
SAH,ROU,0.5,0.14518934088253976,0.7563025210084033,False,,,,0.7563025210084033,,,1.0
SAH,TUR,0.05,0.036247396030745796,0.5095238095238095,False,,,,0.5095238095238095,,,1.0
SAH,TUR,0.1,0.036247396030745796,0.5095238095238095,False,,,,0.5095238095238095,,,1.0
SAH,TUR,0.2,0.036247396030745796,0.5095238095238095,False,,,,0.5095238095238095,,,1.0
SAH,TUR,0.5,0.036247396030745796,0.5095238095238095,False,,,,0.5095238095238095,,,1.0
SAH,USA,0.05,0.02293422555795995,0.4404963338973491,False,,,,0.4404963338973491,,,1.0
SAH,USA,0.1,0.02293422555795995,0.4404963338973491,False,,,,0.4404963338973491,,,1.0
SAH,USA,0.2,0.02293422555795995,0.4404963338973491,False,,,,0.4404963338973491,,,1.0
SAH,USA,0.5,0.02293422555795995,0.4404963338973491,False,,,,0.4404963338973491,,,1.0
SAH,ZAF,0.05,0.13278618723151614,0.11038961038961038,False,,,,0.11038961038961038,,,1.0
SAH,ZAF,0.1,0.13278618723151614,0.11038961038961038,False,,,,0.11038961038961038,,,1.0
SAH,ZAF,0.2,0.13278618723151614,0.11038961038961038,False,,,,0.11038961038961038,,,1.0
SAH,ZAF,0.5,0.13278618723151614,0.11038961038961038,False,,,,0.11038961038961038,,,1.0
