Country,Outcome,Coverage,Mediator,Diet-attributable increase,GLP-1 reduction,Offset ratio
AUS,CKD,20%,SBP,0.0,0.0,0.087
AUS,CKD,20%,FPG,0.0,0.0,0.048
AUS,CKD,20%,LDL,0.0,0.0,0.0
AUS,ICH,20%,SBP,0.5739,1.02,1.0
AUS,ICH,20%,FPG,0.0054,0.0874,1.0
AUS,ICH,20%,LDL,0.0,0.0279,0.0
AUS,IHD,20%,SBP,0.8506,1.02,1.0
AUS,IHD,20%,FPG,0.0789,0.0874,1.0
AUS,IHD,20%,LDL,0.3118,0.0279,0.09
AUS,IschStroke,20%,SBP,0.4823,1.02,1.0
AUS,IschStroke,20%,FPG,0.1745,0.0874,0.501
AUS,IschStroke,20%,LDL,0.0162,0.0279,1.0
AUS,SAH,20%,SBP,0.6579,1.02,1.0
AUS,SAH,20%,FPG,0.0,0.0874,0.0
AUS,SAH,20%,LDL,0.0,0.0279,0.0
AUS,T2D,20%,SBP,0.0,0.0,0.0
AUS,T2D,20%,FPG,0.0,0.0,0.146
AUS,T2D,20%,LDL,0.0,0.0,0.0
BGD,CKD,20%,SBP,0.0,0.0,0.07
BGD,CKD,20%,FPG,0.0,0.0,0.048
BGD,CKD,20%,LDL,0.0,0.0,0.0
BGD,ICH,20%,SBP,1.7299,1.02,0.59
BGD,ICH,20%,FPG,0.0748,0.0874,1.0
BGD,ICH,20%,LDL,0.0,0.0221,0.0
BGD,IHD,20%,SBP,2.4139,1.02,0.423
BGD,IHD,20%,FPG,0.13,0.0874,0.672
BGD,IHD,20%,LDL,0.5531,0.0221,0.04
BGD,IschStroke,20%,SBP,1.6876,1.02,0.604
BGD,IschStroke,20%,FPG,0.1337,0.0874,0.653
BGD,IschStroke,20%,LDL,0.0589,0.0221,0.375
BGD,SAH,20%,SBP,1.6559,1.02,0.616
BGD,SAH,20%,FPG,0.0,0.0874,0.0
BGD,SAH,20%,LDL,0.0,0.0221,0.0
BGD,T2D,20%,SBP,0.0,0.0,0.0
BGD,T2D,20%,FPG,0.0,0.0,0.146
BGD,T2D,20%,LDL,0.0,0.0,0.0
BGR,CKD,20%,SBP,0.0,0.0,0.071
BGR,CKD,20%,FPG,0.0,0.0,0.048
BGR,CKD,20%,LDL,0.0,0.0,0.0
BGR,ICH,20%,SBP,4.9619,1.02,0.206
BGR,ICH,20%,FPG,0.0004,0.0874,1.0
BGR,ICH,20%,LDL,0.0,0.0261,0.0
BGR,IHD,20%,SBP,6.0958,1.02,0.167
BGR,IHD,20%,FPG,0.0721,0.0874,1.0
BGR,IHD,20%,LDL,0.2238,0.0261,0.117
BGR,IschStroke,20%,SBP,4.6935,1.02,0.217
BGR,IschStroke,20%,FPG,0.2014,0.0874,0.434
BGR,IschStroke,20%,LDL,0.0151,0.0261,1.0
BGR,SAH,20%,SBP,4.6992,1.02,0.217
BGR,SAH,20%,FPG,0.0,0.0874,0.0
BGR,SAH,20%,LDL,0.0,0.0261,0.0
BGR,T2D,20%,SBP,0.0,0.0,0.0
BGR,T2D,20%,FPG,0.0,0.0,0.146
BGR,T2D,20%,LDL,0.0,0.0,0.0
BRA,CKD,20%,SBP,0.0,0.0,0.061
BRA,CKD,20%,FPG,0.0,0.0,0.048
BRA,CKD,20%,LDL,0.0,0.0,0.0
BRA,ICH,20%,SBP,1.9297,1.02,0.529
BRA,ICH,20%,FPG,0.0347,0.0874,1.0
BRA,ICH,20%,LDL,0.0,0.0229,0.0
BRA,IHD,20%,SBP,2.3698,1.02,0.43
BRA,IHD,20%,FPG,0.091,0.0874,0.96
BRA,IHD,20%,LDL,0.259,0.0229,0.088
BRA,IschStroke,20%,SBP,1.7747,1.02,0.575
BRA,IschStroke,20%,FPG,0.1866,0.0874,0.468
BRA,IschStroke,20%,LDL,0.0233,0.0229,0.983
BRA,SAH,20%,SBP,1.6924,1.02,0.603
BRA,SAH,20%,FPG,0.0,0.0874,0.0
BRA,SAH,20%,LDL,0.0,0.0229,0.0
BRA,T2D,20%,SBP,0.0,0.0,0.0
BRA,T2D,20%,FPG,0.0,0.0,0.146
BRA,T2D,20%,LDL,0.0,0.0,0.0
CAN,CKD,20%,SBP,0.0,0.0,0.094
CAN,CKD,20%,FPG,0.0,0.0,0.048
CAN,CKD,20%,LDL,0.0,0.0,0.0
CAN,ICH,20%,SBP,1.3768,1.02,0.741
CAN,ICH,20%,FPG,0.0072,0.0874,1.0
CAN,ICH,20%,LDL,0.0,0.0251,0.0
CAN,IHD,20%,SBP,1.7848,1.02,0.572
CAN,IHD,20%,FPG,0.0891,0.0874,0.981
CAN,IHD,20%,LDL,0.1847,0.0251,0.136
CAN,IschStroke,20%,SBP,1.1158,1.02,0.914
CAN,IschStroke,20%,FPG,0.2367,0.0874,0.369
CAN,IschStroke,20%,LDL,0.0137,0.0251,1.0
CAN,SAH,20%,SBP,1.3238,1.02,0.771
CAN,SAH,20%,FPG,0.0,0.0874,0.0
CAN,SAH,20%,LDL,0.0,0.0251,0.0
CAN,T2D,20%,SBP,0.0,0.0,0.0
CAN,T2D,20%,FPG,0.0,0.0,0.146
CAN,T2D,20%,LDL,0.0,0.0,0.0
CHN,CKD,20%,SBP,0.0,0.0,0.109
CHN,CKD,20%,FPG,0.0,0.0,0.048
CHN,CKD,20%,LDL,0.0,0.0,0.0
CHN,ICH,20%,SBP,4.7628,1.02,0.214
CHN,ICH,20%,FPG,0.0,0.0874,0.0
CHN,ICH,20%,LDL,0.0,0.0244,0.0
CHN,IHD,20%,SBP,5.1332,1.02,0.199
CHN,IHD,20%,FPG,0.0138,0.0874,1.0
CHN,IHD,20%,LDL,0.2459,0.0244,0.099
CHN,IschStroke,20%,SBP,4.1859,1.02,0.244
CHN,IschStroke,20%,FPG,0.0979,0.0874,0.893
CHN,IschStroke,20%,LDL,0.0197,0.0244,1.0
CHN,SAH,20%,SBP,5.0974,1.02,0.2
CHN,SAH,20%,FPG,0.0,0.0874,0.0
CHN,SAH,20%,LDL,0.0,0.0244,0.0
CHN,T2D,20%,SBP,0.0,0.0,0.0
CHN,T2D,20%,FPG,0.0,0.0,0.146
CHN,T2D,20%,LDL,0.0,0.0,0.0
DEU,CKD,20%,SBP,0.0,0.0,0.114
DEU,CKD,20%,FPG,0.0,0.0,0.048
DEU,CKD,20%,LDL,0.0,0.0,0.0
DEU,ICH,20%,SBP,1.2316,1.02,0.828
DEU,ICH,20%,FPG,0.0032,0.0874,1.0
DEU,ICH,20%,LDL,0.0,0.0275,0.0
DEU,IHD,20%,SBP,1.6101,1.02,0.633
DEU,IHD,20%,FPG,0.0868,0.0874,1.0
DEU,IHD,20%,LDL,0.1943,0.0275,0.142
DEU,IschStroke,20%,SBP,1.0474,1.02,0.974
DEU,IschStroke,20%,FPG,0.2918,0.0874,0.299
DEU,IschStroke,20%,LDL,0.0142,0.0275,1.0
DEU,SAH,20%,SBP,1.2184,1.02,0.837
DEU,SAH,20%,FPG,0.0,0.0874,0.0
DEU,SAH,20%,LDL,0.0,0.0275,0.0
DEU,T2D,20%,SBP,0.0,0.0,0.0
DEU,T2D,20%,FPG,0.0,0.0,0.146
DEU,T2D,20%,LDL,0.0,0.0,0.0
EGY,CKD,20%,SBP,0.0,0.0,0.191
EGY,CKD,20%,FPG,0.0,0.0,0.048
EGY,CKD,20%,LDL,0.0,0.0,0.0
EGY,ICH,20%,SBP,0.7814,1.02,1.0
EGY,ICH,20%,FPG,0.0,0.0874,0.0
EGY,ICH,20%,LDL,0.0,0.0234,0.0
EGY,IHD,20%,SBP,1.0945,1.02,0.932
EGY,IHD,20%,FPG,0.0307,0.0874,1.0
EGY,IHD,20%,LDL,0.2449,0.0234,0.096
EGY,IschStroke,20%,SBP,0.9669,1.02,1.0
EGY,IschStroke,20%,FPG,0.0941,0.0874,0.928
EGY,IschStroke,20%,LDL,0.0091,0.0234,1.0
EGY,SAH,20%,SBP,0.7396,1.02,1.0
EGY,SAH,20%,FPG,0.0,0.0874,0.0
EGY,SAH,20%,LDL,0.0,0.0234,0.0
EGY,T2D,20%,SBP,0.0,0.0,0.0
EGY,T2D,20%,FPG,0.0,0.0,0.146
EGY,T2D,20%,LDL,0.0,0.0,0.0
GBR,CKD,20%,SBP,0.0,0.0,0.106
GBR,CKD,20%,FPG,0.0,0.0,0.048
GBR,CKD,20%,LDL,0.0,0.0,0.0
GBR,ICH,20%,SBP,0.9667,1.02,1.0
GBR,ICH,20%,FPG,0.0077,0.0874,1.0
GBR,ICH,20%,LDL,0.0,0.0266,0.0
GBR,IHD,20%,SBP,1.4458,1.02,0.705
GBR,IHD,20%,FPG,0.0925,0.0874,0.945
GBR,IHD,20%,LDL,0.3188,0.0266,0.084
GBR,IschStroke,20%,SBP,0.902,1.02,1.0
GBR,IschStroke,20%,FPG,0.2968,0.0874,0.294
GBR,IschStroke,20%,LDL,0.0157,0.0266,1.0
GBR,SAH,20%,SBP,0.8875,1.02,1.0
GBR,SAH,20%,FPG,0.0,0.0874,0.0
GBR,SAH,20%,LDL,0.0,0.0266,0.0
GBR,T2D,20%,SBP,0.0,0.0,0.0
GBR,T2D,20%,FPG,0.0,0.0,0.146
GBR,T2D,20%,LDL,0.0,0.0,0.0
GLB,CKD,20%,SBP,0.0,0.0,0.087
GLB,CKD,20%,FPG,0.0,0.0,0.048
GLB,CKD,20%,LDL,0.0,0.0,0.0
GLB,ICH,20%,SBP,3.0678,1.02,0.332
GLB,ICH,20%,FPG,0.0294,0.0874,1.0
GLB,ICH,20%,LDL,0.0,0.0234,0.0
GLB,IHD,20%,SBP,2.9668,1.02,0.344
GLB,IHD,20%,FPG,0.0726,0.0874,1.0
GLB,IHD,20%,LDL,0.2867,0.0234,0.082
GLB,IschStroke,20%,SBP,2.3888,1.02,0.427
GLB,IschStroke,20%,FPG,0.1627,0.0874,0.537
GLB,IschStroke,20%,LDL,0.0259,0.0234,0.907
GLB,SAH,20%,SBP,2.779,1.02,0.367
GLB,SAH,20%,FPG,0.0,0.0874,0.0
GLB,SAH,20%,LDL,0.0,0.0234,0.0
GLB,T2D,20%,SBP,0.0,0.0,0.0
GLB,T2D,20%,FPG,0.0,0.0,0.146
GLB,T2D,20%,LDL,0.0,0.0,0.0
IND,CKD,20%,SBP,0.0,0.0,0.073
IND,CKD,20%,FPG,0.0,0.0,0.048
IND,CKD,20%,LDL,0.0,0.0,0.0
IND,ICH,20%,SBP,1.845,1.02,0.553
IND,ICH,20%,FPG,0.0247,0.0874,1.0
IND,ICH,20%,LDL,0.0,0.021,0.0
IND,IHD,20%,SBP,2.3862,1.02,0.427
IND,IHD,20%,FPG,0.0842,0.0874,1.0
IND,IHD,20%,LDL,0.3692,0.021,0.057
IND,IschStroke,20%,SBP,1.5094,1.02,0.676
IND,IschStroke,20%,FPG,0.149,0.0874,0.587
IND,IschStroke,20%,LDL,0.04,0.021,0.523
IND,SAH,20%,SBP,1.8945,1.02,0.538
IND,SAH,20%,FPG,0.0,0.0874,0.0
IND,SAH,20%,LDL,0.0,0.021,0.0
IND,T2D,20%,SBP,0.0,0.0,0.0
IND,T2D,20%,FPG,0.0,0.0,0.146
IND,T2D,20%,LDL,0.0,0.0,0.0
ISR,CKD,20%,SBP,0.0,0.0,0.176
ISR,CKD,20%,FPG,0.0,0.0,0.048
ISR,CKD,20%,LDL,0.0,0.0,0.0
ISR,ICH,20%,SBP,1.1914,1.02,0.856
ISR,ICH,20%,FPG,0.0,0.0874,0.0
ISR,ICH,20%,LDL,0.0,0.0254,0.0
ISR,IHD,20%,SBP,1.4627,1.02,0.697
ISR,IHD,20%,FPG,0.0443,0.0874,1.0
ISR,IHD,20%,LDL,0.1667,0.0254,0.153
ISR,IschStroke,20%,SBP,0.944,1.02,1.0
ISR,IschStroke,20%,FPG,0.2006,0.0874,0.436
ISR,IschStroke,20%,LDL,0.01,0.0254,1.0
ISR,SAH,20%,SBP,1.1756,1.02,0.868
ISR,SAH,20%,FPG,0.0,0.0874,0.0
ISR,SAH,20%,LDL,0.0,0.0254,0.0
ISR,T2D,20%,SBP,0.0,0.0,0.0
ISR,T2D,20%,FPG,0.0,0.0,0.146
ISR,T2D,20%,LDL,0.0,0.0,0.0
JPN,CKD,20%,SBP,0.0,0.0,0.071
JPN,CKD,20%,FPG,0.0,0.0,0.048
JPN,CKD,20%,LDL,0.0,0.0,0.0
JPN,ICH,20%,SBP,2.519,1.02,0.405
JPN,ICH,20%,FPG,0.0007,0.0874,1.0
JPN,ICH,20%,LDL,0.0,0.0268,0.0
JPN,IHD,20%,SBP,3.2807,1.02,0.311
JPN,IHD,20%,FPG,0.0646,0.0874,1.0
JPN,IHD,20%,LDL,0.3198,0.0268,0.084
JPN,IschStroke,20%,SBP,2.2449,1.02,0.454
JPN,IschStroke,20%,FPG,0.2419,0.0874,0.361
JPN,IschStroke,20%,LDL,0.0155,0.0268,1.0
JPN,SAH,20%,SBP,2.3868,1.02,0.427
JPN,SAH,20%,FPG,0.0,0.0874,0.0
JPN,SAH,20%,LDL,0.0,0.0268,0.0
JPN,T2D,20%,SBP,0.0,0.0,0.0
JPN,T2D,20%,FPG,0.0,0.0,0.146
JPN,T2D,20%,LDL,0.0,0.0,0.0
MEX,CKD,20%,SBP,0.0,0.0,0.082
MEX,CKD,20%,FPG,0.0,0.0,0.048
MEX,CKD,20%,LDL,0.0,0.0,0.0
MEX,ICH,20%,SBP,1.5654,1.02,0.652
MEX,ICH,20%,FPG,0.0241,0.0874,1.0
MEX,ICH,20%,LDL,0.0,0.027,0.0
MEX,IHD,20%,SBP,1.9846,1.02,0.514
MEX,IHD,20%,FPG,0.0811,0.0874,1.0
MEX,IHD,20%,LDL,0.1685,0.027,0.16
MEX,IschStroke,20%,SBP,1.4729,1.02,0.693
MEX,IschStroke,20%,FPG,0.2045,0.0874,0.427
MEX,IschStroke,20%,LDL,0.0104,0.027,1.0
MEX,SAH,20%,SBP,1.4588,1.02,0.699
MEX,SAH,20%,FPG,0.0,0.0874,0.0
MEX,SAH,20%,LDL,0.0,0.027,0.0
MEX,T2D,20%,SBP,0.0,0.0,0.0
MEX,T2D,20%,FPG,0.0,0.0,0.146
MEX,T2D,20%,LDL,0.0,0.0,0.0
NGA,CKD,20%,SBP,0.0,0.0,0.066
NGA,CKD,20%,FPG,0.0,0.0,0.048
NGA,CKD,20%,LDL,0.0,0.0,0.0
NGA,ICH,20%,SBP,0.9266,1.02,1.0
NGA,ICH,20%,FPG,0.0321,0.0874,1.0
NGA,ICH,20%,LDL,0.0,0.0213,0.0
NGA,IHD,20%,SBP,1.245,1.02,0.819
NGA,IHD,20%,FPG,0.0925,0.0874,0.944
NGA,IHD,20%,LDL,0.1103,0.0213,0.193
NGA,IschStroke,20%,SBP,0.9283,1.02,1.0
NGA,IschStroke,20%,FPG,0.1579,0.0874,0.553
NGA,IschStroke,20%,LDL,0.0214,0.0213,0.994
NGA,SAH,20%,SBP,0.9141,1.02,1.0
NGA,SAH,20%,FPG,0.0,0.0874,0.0
NGA,SAH,20%,LDL,0.0,0.0213,0.0
NGA,T2D,20%,SBP,0.0,0.0,0.0
NGA,T2D,20%,FPG,0.0,0.0,0.146
NGA,T2D,20%,LDL,0.0,0.0,0.0
NZL,CKD,20%,SBP,0.0,0.0,0.108
NZL,CKD,20%,FPG,0.0,0.0,0.048
NZL,CKD,20%,LDL,0.0,0.0,0.0
NZL,ICH,20%,SBP,0.9489,1.02,1.0
NZL,ICH,20%,FPG,0.0042,0.0874,1.0
NZL,ICH,20%,LDL,0.0,0.0277,0.0
NZL,IHD,20%,SBP,1.3129,1.02,0.777
NZL,IHD,20%,FPG,0.0782,0.0874,1.0
NZL,IHD,20%,LDL,0.2681,0.0277,0.103
NZL,IschStroke,20%,SBP,0.7365,1.02,1.0
NZL,IschStroke,20%,FPG,0.1929,0.0874,0.453
NZL,IschStroke,20%,LDL,0.0148,0.0277,1.0
NZL,SAH,20%,SBP,0.9962,1.02,1.0
NZL,SAH,20%,FPG,0.0,0.0874,0.0
NZL,SAH,20%,LDL,0.0,0.0277,0.0
NZL,T2D,20%,SBP,0.0,0.0,0.0
NZL,T2D,20%,FPG,0.0,0.0,0.146
NZL,T2D,20%,LDL,0.0,0.0,0.0
ROU,CKD,20%,SBP,0.0,0.0,0.088
ROU,CKD,20%,FPG,0.0,0.0,0.048
ROU,CKD,20%,LDL,0.0,0.0,0.0
ROU,ICH,20%,SBP,4.9107,1.02,0.208
ROU,ICH,20%,FPG,0.0,0.0874,0.0
ROU,ICH,20%,LDL,0.0,0.0266,0.0
ROU,IHD,20%,SBP,5.8678,1.02,0.174
ROU,IHD,20%,FPG,0.0383,0.0874,1.0
ROU,IHD,20%,LDL,0.2359,0.0266,0.113
ROU,IschStroke,20%,SBP,4.5454,1.02,0.224
ROU,IschStroke,20%,FPG,0.2879,0.0874,0.304
ROU,IschStroke,20%,LDL,0.0094,0.0266,1.0
ROU,SAH,20%,SBP,4.6466,1.02,0.22
ROU,SAH,20%,FPG,0.0,0.0874,0.0
ROU,SAH,20%,LDL,0.0,0.0266,0.0
ROU,T2D,20%,SBP,0.0,0.0,0.0
ROU,T2D,20%,FPG,0.0,0.0,0.146
ROU,T2D,20%,LDL,0.0,0.0,0.0
TUR,CKD,20%,SBP,0.0,0.0,0.241
TUR,CKD,20%,FPG,0.0,0.0,0.048
TUR,CKD,20%,LDL,0.0,0.0,0.0
TUR,ICH,20%,SBP,0.9386,1.02,1.0
TUR,ICH,20%,FPG,0.0,0.0874,0.0
TUR,ICH,20%,LDL,0.0,0.0224,0.0
TUR,IHD,20%,SBP,1.3918,1.02,0.733
TUR,IHD,20%,FPG,0.0111,0.0874,1.0
TUR,IHD,20%,LDL,0.1195,0.0224,0.187
TUR,IschStroke,20%,SBP,1.233,1.02,0.827
TUR,IschStroke,20%,FPG,0.0937,0.0874,0.932
TUR,IschStroke,20%,LDL,0.0088,0.0224,1.0
TUR,SAH,20%,SBP,0.8723,1.02,1.0
TUR,SAH,20%,FPG,0.0,0.0874,0.0
TUR,SAH,20%,LDL,0.0,0.0224,0.0
TUR,T2D,20%,SBP,0.0,0.0,0.0
TUR,T2D,20%,FPG,0.0,0.0,0.146
TUR,T2D,20%,LDL,0.0,0.0,0.0
USA,CKD,20%,SBP,0.0,0.0,0.077
USA,CKD,20%,FPG,0.0,0.0,0.048
USA,CKD,20%,LDL,0.0,0.0,0.0
USA,ICH,20%,SBP,1.3421,1.02,0.76
USA,ICH,20%,FPG,0.0028,0.0874,1.0
USA,ICH,20%,LDL,0.0,0.0245,0.0
USA,IHD,20%,SBP,1.6684,1.02,0.611
USA,IHD,20%,FPG,0.0955,0.0874,0.915
USA,IHD,20%,LDL,0.1957,0.0245,0.125
USA,IschStroke,20%,SBP,1.0053,1.02,1.0
USA,IschStroke,20%,FPG,0.3129,0.0874,0.279
USA,IschStroke,20%,LDL,0.0156,0.0245,1.0
USA,SAH,20%,SBP,1.2584,1.02,0.811
USA,SAH,20%,FPG,0.0,0.0874,0.0
USA,SAH,20%,LDL,0.0,0.0245,0.0
USA,T2D,20%,SBP,0.0,0.0,0.0
USA,T2D,20%,FPG,0.0,0.0,0.146
USA,T2D,20%,LDL,0.0,0.0,0.0
ZAF,CKD,20%,SBP,0.0,0.0,0.061
ZAF,CKD,20%,FPG,0.0,0.0,0.048
ZAF,CKD,20%,LDL,0.0,0.0,0.0
ZAF,ICH,20%,SBP,0.7065,1.02,1.0
ZAF,ICH,20%,FPG,0.0549,0.0874,1.0
ZAF,ICH,20%,LDL,0.0,0.0212,0.0
ZAF,IHD,20%,SBP,1.0386,1.02,0.982
ZAF,IHD,20%,FPG,0.103,0.0874,0.849
ZAF,IHD,20%,LDL,0.2114,0.0212,0.1
ZAF,IschStroke,20%,SBP,0.6235,1.02,1.0
ZAF,IschStroke,20%,FPG,0.1846,0.0874,0.473
ZAF,IschStroke,20%,LDL,0.0262,0.0212,0.81
ZAF,SAH,20%,SBP,0.7582,1.02,1.0
ZAF,SAH,20%,FPG,0.0,0.0874,0.0
ZAF,SAH,20%,LDL,0.0,0.0212,0.0
ZAF,T2D,20%,SBP,0.0,0.0,0.0
ZAF,T2D,20%,FPG,0.0,0.0,0.146
ZAF,T2D,20%,LDL,0.0,0.0,0.0
AUS,CKD,50%,SBP,0.0,0.0,0.087
AUS,CKD,50%,FPG,0.0,0.0,0.048
AUS,CKD,50%,LDL,0.0,0.0,0.0
AUS,ICH,50%,SBP,0.5739,2.55,1.0
AUS,ICH,50%,FPG,0.0054,0.2185,1.0
AUS,ICH,50%,LDL,0.0,0.0698,0.0
AUS,IHD,50%,SBP,0.8506,2.55,1.0
AUS,IHD,50%,FPG,0.0789,0.2185,1.0
AUS,IHD,50%,LDL,0.3118,0.0698,0.224
AUS,IschStroke,50%,SBP,0.4823,2.55,1.0
AUS,IschStroke,50%,FPG,0.1745,0.2185,1.0
AUS,IschStroke,50%,LDL,0.0162,0.0698,1.0
AUS,SAH,50%,SBP,0.6579,2.55,1.0
AUS,SAH,50%,FPG,0.0,0.2185,0.0
AUS,SAH,50%,LDL,0.0,0.0698,0.0
AUS,T2D,50%,SBP,0.0,0.0,0.0
AUS,T2D,50%,FPG,0.0,0.0,0.146
AUS,T2D,50%,LDL,0.0,0.0,0.0
BGD,CKD,50%,SBP,0.0,0.0,0.07
BGD,CKD,50%,FPG,0.0,0.0,0.048
BGD,CKD,50%,LDL,0.0,0.0,0.0
BGD,ICH,50%,SBP,1.7299,2.55,1.0
BGD,ICH,50%,FPG,0.0748,0.2185,1.0
BGD,ICH,50%,LDL,0.0,0.0552,0.0
BGD,IHD,50%,SBP,2.4139,2.55,1.0
BGD,IHD,50%,FPG,0.13,0.2185,1.0
BGD,IHD,50%,LDL,0.5531,0.0552,0.1
BGD,IschStroke,50%,SBP,1.6876,2.55,1.0
BGD,IschStroke,50%,FPG,0.1337,0.2185,1.0
BGD,IschStroke,50%,LDL,0.0589,0.0552,0.937
BGD,SAH,50%,SBP,1.6559,2.55,1.0
BGD,SAH,50%,FPG,0.0,0.2185,0.0
BGD,SAH,50%,LDL,0.0,0.0552,0.0
BGD,T2D,50%,SBP,0.0,0.0,0.0
BGD,T2D,50%,FPG,0.0,0.0,0.146
BGD,T2D,50%,LDL,0.0,0.0,0.0
BGR,CKD,50%,SBP,0.0,0.0,0.071
BGR,CKD,50%,FPG,0.0,0.0,0.048
BGR,CKD,50%,LDL,0.0,0.0,0.0
BGR,ICH,50%,SBP,4.9619,2.55,0.514
BGR,ICH,50%,FPG,0.0004,0.2185,1.0
BGR,ICH,50%,LDL,0.0,0.0652,0.0
BGR,IHD,50%,SBP,6.0958,2.55,0.418
BGR,IHD,50%,FPG,0.0721,0.2185,1.0
BGR,IHD,50%,LDL,0.2238,0.0652,0.291
BGR,IschStroke,50%,SBP,4.6935,2.55,0.543
BGR,IschStroke,50%,FPG,0.2014,0.2185,1.0
BGR,IschStroke,50%,LDL,0.0151,0.0652,1.0
BGR,SAH,50%,SBP,4.6992,2.55,0.543
BGR,SAH,50%,FPG,0.0,0.2185,0.0
BGR,SAH,50%,LDL,0.0,0.0652,0.0
BGR,T2D,50%,SBP,0.0,0.0,0.0
BGR,T2D,50%,FPG,0.0,0.0,0.146
BGR,T2D,50%,LDL,0.0,0.0,0.0
BRA,CKD,50%,SBP,0.0,0.0,0.061
BRA,CKD,50%,FPG,0.0,0.0,0.048
BRA,CKD,50%,LDL,0.0,0.0,0.0
BRA,ICH,50%,SBP,1.9297,2.55,1.0
BRA,ICH,50%,FPG,0.0347,0.2185,1.0
BRA,ICH,50%,LDL,0.0,0.0572,0.0
BRA,IHD,50%,SBP,2.3698,2.55,1.0
BRA,IHD,50%,FPG,0.091,0.2185,1.0
BRA,IHD,50%,LDL,0.259,0.0572,0.221
BRA,IschStroke,50%,SBP,1.7747,2.55,1.0
BRA,IschStroke,50%,FPG,0.1866,0.2185,1.0
BRA,IschStroke,50%,LDL,0.0233,0.0572,1.0
BRA,SAH,50%,SBP,1.6924,2.55,1.0
BRA,SAH,50%,FPG,0.0,0.2185,0.0
BRA,SAH,50%,LDL,0.0,0.0572,0.0
BRA,T2D,50%,SBP,0.0,0.0,0.0
BRA,T2D,50%,FPG,0.0,0.0,0.146
BRA,T2D,50%,LDL,0.0,0.0,0.0
CAN,CKD,50%,SBP,0.0,0.0,0.094
CAN,CKD,50%,FPG,0.0,0.0,0.048
CAN,CKD,50%,LDL,0.0,0.0,0.0
CAN,ICH,50%,SBP,1.3768,2.55,1.0
CAN,ICH,50%,FPG,0.0072,0.2185,1.0
CAN,ICH,50%,LDL,0.0,0.0628,0.0
CAN,IHD,50%,SBP,1.7848,2.55,1.0
CAN,IHD,50%,FPG,0.0891,0.2185,1.0
CAN,IHD,50%,LDL,0.1847,0.0628,0.34
CAN,IschStroke,50%,SBP,1.1158,2.55,1.0
CAN,IschStroke,50%,FPG,0.2367,0.2185,0.923
CAN,IschStroke,50%,LDL,0.0137,0.0628,1.0
CAN,SAH,50%,SBP,1.3238,2.55,1.0
CAN,SAH,50%,FPG,0.0,0.2185,0.0
CAN,SAH,50%,LDL,0.0,0.0628,0.0
CAN,T2D,50%,SBP,0.0,0.0,0.0
CAN,T2D,50%,FPG,0.0,0.0,0.146
CAN,T2D,50%,LDL,0.0,0.0,0.0
CHN,CKD,50%,SBP,0.0,0.0,0.109
CHN,CKD,50%,FPG,0.0,0.0,0.048
CHN,CKD,50%,LDL,0.0,0.0,0.0
CHN,ICH,50%,SBP,4.7628,2.55,0.535
CHN,ICH,50%,FPG,0.0,0.2185,0.0
CHN,ICH,50%,LDL,0.0,0.061,0.0
CHN,IHD,50%,SBP,5.1332,2.55,0.497
CHN,IHD,50%,FPG,0.0138,0.2185,1.0
CHN,IHD,50%,LDL,0.2459,0.061,0.248
CHN,IschStroke,50%,SBP,4.1859,2.55,0.609
CHN,IschStroke,50%,FPG,0.0979,0.2185,1.0
CHN,IschStroke,50%,LDL,0.0197,0.061,1.0
CHN,SAH,50%,SBP,5.0974,2.55,0.5
CHN,SAH,50%,FPG,0.0,0.2185,0.0
CHN,SAH,50%,LDL,0.0,0.061,0.0
CHN,T2D,50%,SBP,0.0,0.0,0.0
CHN,T2D,50%,FPG,0.0,0.0,0.146
CHN,T2D,50%,LDL,0.0,0.0,0.0
DEU,CKD,50%,SBP,0.0,0.0,0.114
DEU,CKD,50%,FPG,0.0,0.0,0.048
DEU,CKD,50%,LDL,0.0,0.0,0.0
DEU,ICH,50%,SBP,1.2316,2.55,1.0
DEU,ICH,50%,FPG,0.0032,0.2185,1.0
DEU,ICH,50%,LDL,0.0,0.0688,0.0
DEU,IHD,50%,SBP,1.6101,2.55,1.0
DEU,IHD,50%,FPG,0.0868,0.2185,1.0
DEU,IHD,50%,LDL,0.1943,0.0688,0.354
DEU,IschStroke,50%,SBP,1.0474,2.55,1.0
DEU,IschStroke,50%,FPG,0.2918,0.2185,0.749
DEU,IschStroke,50%,LDL,0.0142,0.0688,1.0
DEU,SAH,50%,SBP,1.2184,2.55,1.0
DEU,SAH,50%,FPG,0.0,0.2185,0.0
DEU,SAH,50%,LDL,0.0,0.0688,0.0
DEU,T2D,50%,SBP,0.0,0.0,0.0
DEU,T2D,50%,FPG,0.0,0.0,0.146
DEU,T2D,50%,LDL,0.0,0.0,0.0
EGY,CKD,50%,SBP,0.0,0.0,0.191
EGY,CKD,50%,FPG,0.0,0.0,0.048
EGY,CKD,50%,LDL,0.0,0.0,0.0
EGY,ICH,50%,SBP,0.7814,2.55,1.0
EGY,ICH,50%,FPG,0.0,0.2185,0.0
EGY,ICH,50%,LDL,0.0,0.0586,0.0
EGY,IHD,50%,SBP,1.0945,2.55,1.0
EGY,IHD,50%,FPG,0.0307,0.2185,1.0
EGY,IHD,50%,LDL,0.2449,0.0586,0.239
EGY,IschStroke,50%,SBP,0.9669,2.55,1.0
EGY,IschStroke,50%,FPG,0.0941,0.2185,1.0
EGY,IschStroke,50%,LDL,0.0091,0.0586,1.0
EGY,SAH,50%,SBP,0.7396,2.55,1.0
EGY,SAH,50%,FPG,0.0,0.2185,0.0
EGY,SAH,50%,LDL,0.0,0.0586,0.0
EGY,T2D,50%,SBP,0.0,0.0,0.0
EGY,T2D,50%,FPG,0.0,0.0,0.146
EGY,T2D,50%,LDL,0.0,0.0,0.0
GBR,CKD,50%,SBP,0.0,0.0,0.106
GBR,CKD,50%,FPG,0.0,0.0,0.048
GBR,CKD,50%,LDL,0.0,0.0,0.0
GBR,ICH,50%,SBP,0.9667,2.55,1.0
GBR,ICH,50%,FPG,0.0077,0.2185,1.0
GBR,ICH,50%,LDL,0.0,0.0666,0.0
GBR,IHD,50%,SBP,1.4458,2.55,1.0
GBR,IHD,50%,FPG,0.0925,0.2185,1.0
GBR,IHD,50%,LDL,0.3188,0.0666,0.209
GBR,IschStroke,50%,SBP,0.902,2.55,1.0
GBR,IschStroke,50%,FPG,0.2968,0.2185,0.736
GBR,IschStroke,50%,LDL,0.0157,0.0666,1.0
GBR,SAH,50%,SBP,0.8875,2.55,1.0
GBR,SAH,50%,FPG,0.0,0.2185,0.0
GBR,SAH,50%,LDL,0.0,0.0666,0.0
GBR,T2D,50%,SBP,0.0,0.0,0.0
GBR,T2D,50%,FPG,0.0,0.0,0.146
GBR,T2D,50%,LDL,0.0,0.0,0.0
GLB,CKD,50%,SBP,0.0,0.0,0.087
GLB,CKD,50%,FPG,0.0,0.0,0.048
GLB,CKD,50%,LDL,0.0,0.0,0.0
GLB,ICH,50%,SBP,3.0678,2.55,0.831
GLB,ICH,50%,FPG,0.0294,0.2185,1.0
GLB,ICH,50%,LDL,0.0,0.0586,0.0
GLB,IHD,50%,SBP,2.9668,2.55,0.86
GLB,IHD,50%,FPG,0.0726,0.2185,1.0
GLB,IHD,50%,LDL,0.2867,0.0586,0.204
GLB,IschStroke,50%,SBP,2.3888,2.55,1.0
GLB,IschStroke,50%,FPG,0.1627,0.2185,1.0
GLB,IschStroke,50%,LDL,0.0259,0.0586,1.0
GLB,SAH,50%,SBP,2.779,2.55,0.918
GLB,SAH,50%,FPG,0.0,0.2185,0.0
GLB,SAH,50%,LDL,0.0,0.0586,0.0
GLB,T2D,50%,SBP,0.0,0.0,0.0
GLB,T2D,50%,FPG,0.0,0.0,0.146
GLB,T2D,50%,LDL,0.0,0.0,0.0
IND,CKD,50%,SBP,0.0,0.0,0.073
IND,CKD,50%,FPG,0.0,0.0,0.048
IND,CKD,50%,LDL,0.0,0.0,0.0
IND,ICH,50%,SBP,1.845,2.55,1.0
IND,ICH,50%,FPG,0.0247,0.2185,1.0
IND,ICH,50%,LDL,0.0,0.0524,0.0
IND,IHD,50%,SBP,2.3862,2.55,1.0
IND,IHD,50%,FPG,0.0842,0.2185,1.0
IND,IHD,50%,LDL,0.3692,0.0524,0.142
IND,IschStroke,50%,SBP,1.5094,2.55,1.0
IND,IschStroke,50%,FPG,0.149,0.2185,1.0
IND,IschStroke,50%,LDL,0.04,0.0524,1.0
IND,SAH,50%,SBP,1.8945,2.55,1.0
IND,SAH,50%,FPG,0.0,0.2185,0.0
IND,SAH,50%,LDL,0.0,0.0524,0.0
IND,T2D,50%,SBP,0.0,0.0,0.0
IND,T2D,50%,FPG,0.0,0.0,0.146
IND,T2D,50%,LDL,0.0,0.0,0.0
ISR,CKD,50%,SBP,0.0,0.0,0.176
ISR,CKD,50%,FPG,0.0,0.0,0.048
ISR,CKD,50%,LDL,0.0,0.0,0.0
ISR,ICH,50%,SBP,1.1914,2.55,1.0
ISR,ICH,50%,FPG,0.0,0.2185,0.0
ISR,ICH,50%,LDL,0.0,0.0636,0.0
ISR,IHD,50%,SBP,1.4627,2.55,1.0
ISR,IHD,50%,FPG,0.0443,0.2185,1.0
ISR,IHD,50%,LDL,0.1667,0.0636,0.382
ISR,IschStroke,50%,SBP,0.944,2.55,1.0
ISR,IschStroke,50%,FPG,0.2006,0.2185,1.0
ISR,IschStroke,50%,LDL,0.01,0.0636,1.0
ISR,SAH,50%,SBP,1.1756,2.55,1.0
ISR,SAH,50%,FPG,0.0,0.2185,0.0
ISR,SAH,50%,LDL,0.0,0.0636,0.0
ISR,T2D,50%,SBP,0.0,0.0,0.0
ISR,T2D,50%,FPG,0.0,0.0,0.146
ISR,T2D,50%,LDL,0.0,0.0,0.0
JPN,CKD,50%,SBP,0.0,0.0,0.071
JPN,CKD,50%,FPG,0.0,0.0,0.048
JPN,CKD,50%,LDL,0.0,0.0,0.0
JPN,ICH,50%,SBP,2.519,2.55,1.0
JPN,ICH,50%,FPG,0.0007,0.2185,1.0
JPN,ICH,50%,LDL,0.0,0.067,0.0
JPN,IHD,50%,SBP,3.2807,2.55,0.777
JPN,IHD,50%,FPG,0.0646,0.2185,1.0
JPN,IHD,50%,LDL,0.3198,0.067,0.209
JPN,IschStroke,50%,SBP,2.2449,2.55,1.0
JPN,IschStroke,50%,FPG,0.2419,0.2185,0.903
JPN,IschStroke,50%,LDL,0.0155,0.067,1.0
JPN,SAH,50%,SBP,2.3868,2.55,1.0
JPN,SAH,50%,FPG,0.0,0.2185,0.0
JPN,SAH,50%,LDL,0.0,0.067,0.0
JPN,T2D,50%,SBP,0.0,0.0,0.0
JPN,T2D,50%,FPG,0.0,0.0,0.146
JPN,T2D,50%,LDL,0.0,0.0,0.0
MEX,CKD,50%,SBP,0.0,0.0,0.082
MEX,CKD,50%,FPG,0.0,0.0,0.048
MEX,CKD,50%,LDL,0.0,0.0,0.0
MEX,ICH,50%,SBP,1.5654,2.55,1.0
MEX,ICH,50%,FPG,0.0241,0.2185,1.0
MEX,ICH,50%,LDL,0.0,0.0674,0.0
MEX,IHD,50%,SBP,1.9846,2.55,1.0
MEX,IHD,50%,FPG,0.0811,0.2185,1.0
MEX,IHD,50%,LDL,0.1685,0.0674,0.4
MEX,IschStroke,50%,SBP,1.4729,2.55,1.0
MEX,IschStroke,50%,FPG,0.2045,0.2185,1.0
MEX,IschStroke,50%,LDL,0.0104,0.0674,1.0
MEX,SAH,50%,SBP,1.4588,2.55,1.0
MEX,SAH,50%,FPG,0.0,0.2185,0.0
MEX,SAH,50%,LDL,0.0,0.0674,0.0
MEX,T2D,50%,SBP,0.0,0.0,0.0
MEX,T2D,50%,FPG,0.0,0.0,0.146
MEX,T2D,50%,LDL,0.0,0.0,0.0
NGA,CKD,50%,SBP,0.0,0.0,0.066
NGA,CKD,50%,FPG,0.0,0.0,0.048
NGA,CKD,50%,LDL,0.0,0.0,0.0
NGA,ICH,50%,SBP,0.9266,2.55,1.0
NGA,ICH,50%,FPG,0.0321,0.2185,1.0
NGA,ICH,50%,LDL,0.0,0.0532,0.0
NGA,IHD,50%,SBP,1.245,2.55,1.0
NGA,IHD,50%,FPG,0.0925,0.2185,1.0
NGA,IHD,50%,LDL,0.1103,0.0532,0.482
NGA,IschStroke,50%,SBP,0.9283,2.55,1.0
NGA,IschStroke,50%,FPG,0.1579,0.2185,1.0
NGA,IschStroke,50%,LDL,0.0214,0.0532,1.0
NGA,SAH,50%,SBP,0.9141,2.55,1.0
NGA,SAH,50%,FPG,0.0,0.2185,0.0
NGA,SAH,50%,LDL,0.0,0.0532,0.0
NGA,T2D,50%,SBP,0.0,0.0,0.0
NGA,T2D,50%,FPG,0.0,0.0,0.146
NGA,T2D,50%,LDL,0.0,0.0,0.0
NZL,CKD,50%,SBP,0.0,0.0,0.108
NZL,CKD,50%,FPG,0.0,0.0,0.048
NZL,CKD,50%,LDL,0.0,0.0,0.0
NZL,ICH,50%,SBP,0.9489,2.55,1.0
NZL,ICH,50%,FPG,0.0042,0.2185,1.0
NZL,ICH,50%,LDL,0.0,0.0692,0.0
NZL,IHD,50%,SBP,1.3129,2.55,1.0
NZL,IHD,50%,FPG,0.0782,0.2185,1.0
NZL,IHD,50%,LDL,0.2681,0.0692,0.258
NZL,IschStroke,50%,SBP,0.7365,2.55,1.0
NZL,IschStroke,50%,FPG,0.1929,0.2185,1.0
NZL,IschStroke,50%,LDL,0.0148,0.0692,1.0
NZL,SAH,50%,SBP,0.9962,2.55,1.0
NZL,SAH,50%,FPG,0.0,0.2185,0.0
NZL,SAH,50%,LDL,0.0,0.0692,0.0
NZL,T2D,50%,SBP,0.0,0.0,0.0
NZL,T2D,50%,FPG,0.0,0.0,0.146
NZL,T2D,50%,LDL,0.0,0.0,0.0
ROU,CKD,50%,SBP,0.0,0.0,0.088
ROU,CKD,50%,FPG,0.0,0.0,0.048
ROU,CKD,50%,LDL,0.0,0.0,0.0
ROU,ICH,50%,SBP,4.9107,2.55,0.519
ROU,ICH,50%,FPG,0.0,0.2185,0.0
ROU,ICH,50%,LDL,0.0,0.0664,0.0
ROU,IHD,50%,SBP,5.8678,2.55,0.435
ROU,IHD,50%,FPG,0.0383,0.2185,1.0
ROU,IHD,50%,LDL,0.2359,0.0664,0.281
ROU,IschStroke,50%,SBP,4.5454,2.55,0.561
ROU,IschStroke,50%,FPG,0.2879,0.2185,0.759
ROU,IschStroke,50%,LDL,0.0094,0.0664,1.0
ROU,SAH,50%,SBP,4.6466,2.55,0.549
ROU,SAH,50%,FPG,0.0,0.2185,0.0
ROU,SAH,50%,LDL,0.0,0.0664,0.0
ROU,T2D,50%,SBP,0.0,0.0,0.0
ROU,T2D,50%,FPG,0.0,0.0,0.146
ROU,T2D,50%,LDL,0.0,0.0,0.0
TUR,CKD,50%,SBP,0.0,0.0,0.241
TUR,CKD,50%,FPG,0.0,0.0,0.048
TUR,CKD,50%,LDL,0.0,0.0,0.0
TUR,ICH,50%,SBP,0.9386,2.55,1.0
TUR,ICH,50%,FPG,0.0,0.2185,0.0
TUR,ICH,50%,LDL,0.0,0.056,0.0
TUR,IHD,50%,SBP,1.3918,2.55,1.0
TUR,IHD,50%,FPG,0.0111,0.2185,1.0
TUR,IHD,50%,LDL,0.1195,0.056,0.469
TUR,IschStroke,50%,SBP,1.233,2.55,1.0
TUR,IschStroke,50%,FPG,0.0937,0.2185,1.0
TUR,IschStroke,50%,LDL,0.0088,0.056,1.0
TUR,SAH,50%,SBP,0.8723,2.55,1.0
TUR,SAH,50%,FPG,0.0,0.2185,0.0
TUR,SAH,50%,LDL,0.0,0.056,0.0
TUR,T2D,50%,SBP,0.0,0.0,0.0
TUR,T2D,50%,FPG,0.0,0.0,0.146
TUR,T2D,50%,LDL,0.0,0.0,0.0
USA,CKD,50%,SBP,0.0,0.0,0.077
USA,CKD,50%,FPG,0.0,0.0,0.048
USA,CKD,50%,LDL,0.0,0.0,0.0
USA,ICH,50%,SBP,1.3421,2.55,1.0
USA,ICH,50%,FPG,0.0028,0.2185,1.0
USA,ICH,50%,LDL,0.0,0.0612,0.0
USA,IHD,50%,SBP,1.6684,2.55,1.0
USA,IHD,50%,FPG,0.0955,0.2185,1.0
USA,IHD,50%,LDL,0.1957,0.0612,0.313
USA,IschStroke,50%,SBP,1.0053,2.55,1.0
USA,IschStroke,50%,FPG,0.3129,0.2185,0.698
USA,IschStroke,50%,LDL,0.0156,0.0612,1.0
USA,SAH,50%,SBP,1.2584,2.55,1.0
USA,SAH,50%,FPG,0.0,0.2185,0.0
USA,SAH,50%,LDL,0.0,0.0612,0.0
USA,T2D,50%,SBP,0.0,0.0,0.0
USA,T2D,50%,FPG,0.0,0.0,0.146
USA,T2D,50%,LDL,0.0,0.0,0.0
ZAF,CKD,50%,SBP,0.0,0.0,0.061
ZAF,CKD,50%,FPG,0.0,0.0,0.048
ZAF,CKD,50%,LDL,0.0,0.0,0.0
ZAF,ICH,50%,SBP,0.7065,2.55,1.0
ZAF,ICH,50%,FPG,0.0549,0.2185,1.0
ZAF,ICH,50%,LDL,0.0,0.053,0.0
ZAF,IHD,50%,SBP,1.0386,2.55,1.0
ZAF,IHD,50%,FPG,0.103,0.2185,1.0
ZAF,IHD,50%,LDL,0.2114,0.053,0.251
ZAF,IschStroke,50%,SBP,0.6235,2.55,1.0
ZAF,IschStroke,50%,FPG,0.1846,0.2185,1.0
ZAF,IschStroke,50%,LDL,0.0262,0.053,1.0
ZAF,SAH,50%,SBP,0.7582,2.55,1.0
ZAF,SAH,50%,FPG,0.0,0.2185,0.0
ZAF,SAH,50%,LDL,0.0,0.053,0.0
ZAF,T2D,50%,SBP,0.0,0.0,0.0
ZAF,T2D,50%,FPG,0.0,0.0,0.146
ZAF,T2D,50%,LDL,0.0,0.0,0.0
