iso3,outcome,averted_10yr,gdd_var
AUS,CKD,5619.576308377827,v01
AUS,IHD,37799.0906621387,v01
AUS,IschStroke,12597.40304901007,v01
BGD,CKD,14800.557168730687,v01
BGD,IHD,307337.706667452,v01
BGD,IschStroke,143836.79794071522,v01
BGR,CKD,1269.3826493965528,v01
BGR,IHD,23365.935392945335,v01
BGR,IschStroke,19111.23560159177,v01
BRA,CKD,41852.46386713412,v01
BRA,IHD,284694.39253017405,v01
BRA,IschStroke,134187.66282286576,v01
CAN,CKD,9150.885396180647,v01
CAN,IHD,50324.61948932748,v01
CAN,IschStroke,19210.058979827485,v01
CHN,CKD,119017.16091370909,v01
CHN,IHD,2737835.361530327,v01
CHN,IschStroke,2064502.9758815148,v01
DEU,CKD,30423.50556817512,v01
DEU,IHD,193649.3321636606,v01
DEU,IschStroke,63959.814999225564,v01
EGY,CKD,36055.35133518658,v01
EGY,IHD,238930.44112061046,v01
EGY,IschStroke,58213.117105789424,v01
GBR,CKD,10038.843456201655,v01
GBR,IHD,113170.39344524962,v01
GBR,IschStroke,36797.56575004459,v01
GLB,CKD,1154476.1837159696,v01
GLB,IHD,13832904.87657759,v01
GLB,IschStroke,6769911.965919435,v01
IND,CKD,76507.87606015001,v01
IND,IHD,3753430.232783003,v01
IND,IschStroke,2745701.104168337,v01
ISR,CKD,2990.5634207841836,v01
ISR,IHD,7081.57181040583,v01
ISR,IschStroke,2858.074609802936,v01
JPN,CKD,23552.877528271012,v01
JPN,IHD,147244.93767440377,v01
JPN,IschStroke,120818.2654987615,v01
MEX,CKD,50509.76173209039,v01
MEX,IHD,198233.56736379108,v01
MEX,IschStroke,41366.1540450711,v01
NGA,CKD,26592.881179675045,v01
NGA,IHD,150432.83154246508,v01
NGA,IschStroke,105921.5663849457,v01
NZL,CKD,1039.7395218121937,v01
NZL,IHD,10705.680992104555,v01
NZL,IschStroke,2875.516964634456,v01
ROU,CKD,2579.354109348711,v01
ROU,IHD,49757.84463866743,v01
ROU,IschStroke,32564.090739230607,v01
TUR,CKD,21494.840763205564,v01
TUR,IHD,151116.32324629664,v01
TUR,IschStroke,43708.65747958506,v01
USA,CKD,119994.59485405564,v01
USA,IHD,717988.5902623828,v01
USA,IschStroke,180112.9064932371,v01
ZAF,CKD,10684.095214057399,v01
ZAF,IHD,46020.52992651104,v01
ZAF,IschStroke,96223.3445060135,v01
AUS,CKD,5619.576308377827,v02
AUS,IHD,31416.2556471836,v02
AUS,IschStroke,13683.470460510904,v02
BGD,CKD,14800.557168730687,v02
BGD,IHD,252016.628620446,v02
BGD,IschStroke,160532.3310282032,v02
BGR,CKD,1269.3826493965528,v02
BGR,IHD,18250.08081912022,v02
BGR,IschStroke,16939.653054403898,v02
BRA,CKD,41852.46386713412,v02
BRA,IHD,261501.58643178793,v02
BRA,IschStroke,212595.74368971304,v02
CAN,CKD,9150.885396180647,v02
CAN,IHD,47777.79158905611,v02
CAN,IschStroke,22499.2673595732,v02
CHN,CKD,119017.16091370909,v02
CHN,IHD,1938531.3684188891,v02
CHN,IschStroke,1637549.9829022593,v02
DEU,CKD,30423.50556817512,v02
DEU,IHD,177429.91072428838,v02
DEU,IschStroke,70988.14813038378,v02
EGY,CKD,36055.35133518658,v02
EGY,IHD,208726.4858432725,v02
EGY,IschStroke,54340.801554129794,v02
GBR,CKD,10038.843456201655,v02
GBR,IHD,96197.47378780221,v02
GBR,IschStroke,40552.20957737934,v02
GLB,CKD,1154476.1837159696,v02
GLB,IHD,10235834.201090325,v02
GLB,IschStroke,6184017.514954194,v02
IND,CKD,76507.87606015001,v02
IND,IHD,1904254.3186511153,v02
IND,IschStroke,973694.6403492617,v02
ISR,CKD,2990.5634207841836,v02
ISR,IHD,6737.150396882061,v02
ISR,IschStroke,2813.9706202425045,v02
JPN,CKD,23552.877528271012,v02
JPN,IHD,116370.44488778246,v02
JPN,IschStroke,99823.224346928,v02
MEX,CKD,50509.76173209039,v02
MEX,IHD,178759.5156457246,v02
MEX,IschStroke,60312.88239520493,v02
NGA,CKD,26592.881179675045,v02
NGA,IHD,95094.62732436208,v02
NGA,IschStroke,131541.97163147177,v02
NZL,CKD,1039.7395218121937,v02
NZL,IHD,9215.972404723741,v02
NZL,IschStroke,3194.0069408832505,v02
ROU,CKD,2579.354109348711,v02
ROU,IHD,42004.588656435495,v02
ROU,IschStroke,28622.104815492923,v02
TUR,CKD,21494.840763205564,v02
TUR,IHD,145509.2647280388,v02
TUR,IschStroke,41431.471495763144,v02
USA,CKD,119994.59485405564,v02
USA,IHD,630448.4231076088,v02
USA,IschStroke,190436.0072389049,v02
ZAF,CKD,10684.095214057399,v02
ZAF,IHD,33687.64307516834,v02
ZAF,IschStroke,68243.41711102534,v02
AUS,CKD,5619.576308377827,v05
AUS,IHD,44578.61994217039,v05
AUS,IschStroke,11528.383558740892,v05
BGD,CKD,14800.557168730687,v05
BGD,IHD,267699.1286603485,v05
BGD,IschStroke,72209.14902465812,v05
BGR,CKD,1269.3826493965528,v05
BGR,IHD,28166.498975441536,v05
BGR,IschStroke,14169.276093290748,v05
BRA,CKD,41852.46386713412,v05
BRA,IHD,267039.478554816,v05
BRA,IschStroke,120423.87043440834,v05
CAN,CKD,9150.885396180647,v05
CAN,IHD,58505.48371977338,v05
CAN,IschStroke,18065.741900306966,v05
CHN,CKD,119017.16091370909,v05
CHN,IHD,3017932.1824324615,v05
CHN,IschStroke,1647530.3630949296,v05
DEU,CKD,30423.50556817512,v05
DEU,IHD,307879.6125785888,v05
DEU,IschStroke,59302.15490523466,v05
EGY,CKD,36055.35133518658,v05
EGY,IHD,296706.0472559958,v05
EGY,IschStroke,52798.37081741472,v05
GBR,CKD,10038.843456201655,v05
GBR,IHD,138022.5932832473,v05
GBR,IschStroke,32833.634242942935,v05
GLB,CKD,1154476.1837159696,v05
GLB,IHD,13540742.911162157,v05
GLB,IschStroke,5259655.907925993,v05
IND,CKD,76507.87606015001,v05
IND,IHD,2037783.2477509938,v05
IND,IschStroke,692779.2240965704,v05
ISR,CKD,2990.5634207841836,v05
ISR,IHD,9281.377373649975,v05
ISR,IschStroke,2730.351738586258,v05
JPN,CKD,23552.877528271012,v05
JPN,IHD,122564.15121411896,v05
JPN,IschStroke,93755.4531667528,v05
MEX,CKD,50509.76173209039,v05
MEX,IHD,201908.2351818335,v05
MEX,IschStroke,36785.947456840746,v05
NGA,CKD,26592.881179675045,v05
NGA,IHD,126961.54631199861,v05
NGA,IschStroke,71911.95505420139,v05
NZL,CKD,1039.7395218121937,v05
NZL,IHD,13979.315361450157,v05
NZL,IschStroke,2605.572023187523,v05
ROU,CKD,2579.354109348711,v05
ROU,IHD,85417.31119145927,v05
ROU,IschStroke,27876.214473035485,v05
TUR,CKD,21494.840763205564,v05
TUR,IHD,164830.8199259758,v05
TUR,IschStroke,41905.16904581223,v05
USA,CKD,119994.59485405564,v05
USA,IHD,949386.186371226,v05
USA,IschStroke,164737.8959654135,v05
ZAF,CKD,10684.095214057399,v05
ZAF,IHD,47354.772553678195,v05
ZAF,IschStroke,32077.97875858655,v05
AUS,CKD,5619.576308377827,v06
AUS,IHD,40334.59557868457,v06
AUS,IschStroke,11528.383558740892,v06
BGD,CKD,14800.557168730687,v06
BGD,IHD,459917.6406386832,v06
BGD,IschStroke,72209.14902465812,v06
BGR,CKD,1269.3826493965528,v06
BGR,IHD,28777.916085305027,v06
BGR,IschStroke,14169.276093290748,v06
BRA,CKD,41852.46386713412,v06
BRA,IHD,466538.5953466188,v06
BRA,IschStroke,120423.87043440834,v06
CAN,CKD,9150.885396180647,v06
CAN,IHD,54184.189738724905,v06
CAN,IschStroke,18065.741900306966,v06
CHN,CKD,119017.16091370909,v06
CHN,IHD,2585569.959647378,v06
CHN,IschStroke,1647530.3630949296,v06
DEU,CKD,30423.50556817512,v06
DEU,IHD,221299.8006656569,v06
DEU,IschStroke,59302.15490523466,v06
EGY,CKD,36055.35133518658,v06
EGY,IHD,623496.1193418077,v06
EGY,IschStroke,52798.37081741472,v06
GBR,CKD,10038.843456201655,v06
GBR,IHD,163770.81492866637,v06
GBR,IschStroke,32833.634242942935,v06
GLB,CKD,1154476.1837159696,v06
GLB,IHD,15863313.978761584,v06
GLB,IschStroke,5259655.907925993,v06
IND,CKD,76507.87606015001,v06
IND,IHD,3818281.6041909712,v06
IND,IschStroke,692779.2240965704,v06
ISR,CKD,2990.5634207841836,v06
ISR,IHD,7194.699770843725,v06
ISR,IschStroke,2730.351738586258,v06
JPN,CKD,23552.877528271012,v06
JPN,IHD,175132.7568311543,v06
JPN,IschStroke,93755.4531667528,v06
MEX,CKD,50509.76173209039,v06
MEX,IHD,368076.03265316045,v06
MEX,IschStroke,36785.947456840746,v06
NGA,CKD,26592.881179675045,v06
NGA,IHD,94208.37284868467,v06
NGA,IschStroke,71911.95505420139,v06
NZL,CKD,1039.7395218121937,v06
NZL,IHD,11497.305325318282,v06
NZL,IschStroke,2605.572023187523,v06
ROU,CKD,2579.354109348711,v06
ROU,IHD,103319.51018789534,v06
ROU,IschStroke,27876.214473035485,v06
TUR,CKD,21494.840763205564,v06
TUR,IHD,180086.4022771673,v06
TUR,IschStroke,41905.16904581223,v06
USA,CKD,119994.59485405564,v06
USA,IHD,682600.7932200213,v06
USA,IschStroke,164737.8959654135,v06
ZAF,CKD,10684.095214057399,v06
ZAF,IHD,59667.7227268149,v06
ZAF,IschStroke,32077.97875858655,v06
AUS,CKD,5619.576308377827,v08
AUS,IHD,63391.548468468274,v08
AUS,IschStroke,19157.571008945328,v08
BGD,CKD,14800.557168730687,v08
BGD,IHD,512100.3852267357,v08
BGD,IschStroke,167828.3546064634,v08
BGR,CKD,1269.3826493965528,v08
BGR,IHD,25610.893742448025,v08
BGR,IschStroke,23931.744944855986,v08
BRA,CKD,41852.46386713412,v08
BRA,IHD,419422.4871816784,v08
BRA,IschStroke,198690.12817603216,v08
CAN,CKD,9150.885396180647,v08
CAN,IHD,71294.42911273216,v08
CAN,IschStroke,27021.15923436278,v08
CHN,CKD,119017.16091370909,v08
CHN,IHD,3460363.77280672,v08
CHN,IschStroke,2902502.5543890866,v08
DEU,CKD,30423.50556817512,v08
DEU,IHD,262313.82362495305,v08
DEU,IschStroke,88698.66477571451,v08
EGY,CKD,36055.35133518658,v08
EGY,IHD,277465.68554247665,v08
EGY,IschStroke,66168.08861284064,v08
GBR,CKD,10038.843456201655,v08
GBR,IHD,162276.82552962453,v08
GBR,IschStroke,55184.67018594634,v08
GLB,CKD,1154476.1837159696,v08
GLB,IHD,16932729.282230616,v08
GLB,IschStroke,9269265.785532843,v08
IND,CKD,76507.87606015001,v08
IND,IHD,3074877.155260834,v08
IND,IschStroke,1109025.908360855,v08
ISR,CKD,2990.5634207841836,v08
ISR,IHD,11760.438988856564,v08
ISR,IschStroke,4292.27237537433,v08
JPN,CKD,23552.877528271012,v08
JPN,IHD,186279.78237184955,v08
JPN,IschStroke,150589.1356467463,v08
MEX,CKD,50509.76173209039,v08
MEX,IHD,167820.60737418546,v08
MEX,IschStroke,38428.464993952264,v08
NGA,CKD,26592.881179675045,v08
NGA,IHD,104482.81835860517,v08
NGA,IschStroke,85466.88606473943,v08
NZL,CKD,1039.7395218121937,v08
NZL,IHD,16546.65115361136,v08
NZL,IschStroke,4437.098859317863,v08
ROU,CKD,2579.354109348711,v08
ROU,IHD,65991.53489745127,v08
ROU,IschStroke,49702.6958782084,v08
TUR,CKD,21494.840763205564,v08
TUR,IHD,225143.54898220353,v08
TUR,IschStroke,72876.97084166935,v08
USA,CKD,119994.59485405564,v08
USA,IHD,1084309.2109739874,v08
USA,IschStroke,268510.83428855386,v08
ZAF,CKD,10684.095214057399,v08
ZAF,IHD,31153.39970499622,v08
ZAF,IschStroke,34391.54619314827,v08
AUS,CKD,5619.576308377827,v09
AUS,IHD,29111.627779367394,v09
AUS,IschStroke,11528.383558740892,v09
BGD,CKD,14800.557168730687,v09
BGD,IHD,172418.8300401296,v09
BGD,IschStroke,72209.14902465812,v09
BGR,CKD,1269.3826493965528,v09
BGR,IHD,17310.29208769921,v09
BGR,IschStroke,14169.276093290748,v09
BRA,CKD,41852.46386713412,v09
BRA,IHD,226048.56896098232,v09
BRA,IschStroke,120423.87043440834,v09
CAN,CKD,9150.885396180647,v09
CAN,IHD,44905.727832798264,v09
CAN,IschStroke,18065.741900306966,v09
CHN,CKD,119017.16091370909,v09
CHN,IHD,1949999.8460324812,v09
CHN,IschStroke,1647530.3630949296,v09
DEU,CKD,30423.50556817512,v09
DEU,IHD,167555.66855276717,v09
DEU,IschStroke,59302.15490523466,v09
EGY,CKD,36055.35133518658,v09
EGY,IHD,202923.45870282926,v09
EGY,IschStroke,52798.37081741472,v09
GBR,CKD,10038.843456201655,v09
GBR,IHD,90150.16960339068,v09
GBR,IschStroke,32833.634242942935,v09
GLB,CKD,1154476.1837159696,v09
GLB,IHD,9509604.161323933,v09
GLB,IschStroke,5259655.907925993,v09
IND,CKD,76507.87606015001,v09
IND,IHD,1713027.48582948,v09
IND,IschStroke,692779.2240965704,v09
ISR,CKD,2990.5634207841836,v09
ISR,IHD,6542.404429112774,v09
ISR,IschStroke,2730.351738586258,v09
JPN,CKD,23552.877528271012,v09
JPN,IHD,112813.7050273233,v09
JPN,IschStroke,93755.4531667528,v09
MEX,CKD,50509.76173209039,v09
MEX,IHD,157452.6747916101,v09
MEX,IschStroke,36785.947456840746,v09
NGA,CKD,26592.881179675045,v09
NGA,IHD,80300.25035252441,v09
NGA,IschStroke,71911.95505420139,v09
NZL,CKD,1039.7395218121937,v09
NZL,IHD,8559.940208661134,v09
NZL,IschStroke,2605.572023187523,v09
ROU,CKD,2579.354109348711,v09
ROU,IHD,41383.2683898204,v09
ROU,IschStroke,27876.214473035485,v09
TUR,CKD,21494.840763205564,v09
TUR,IHD,146612.63872757286,v09
TUR,IschStroke,41905.16904581223,v09
USA,CKD,119994.59485405564,v09
USA,IHD,587702.7500943696,v09
USA,IschStroke,164737.8959654135,v09
ZAF,CKD,10684.095214057399,v09
ZAF,IHD,29436.083827313512,v09
ZAF,IschStroke,32077.97875858655,v09
AUS,CKD,5619.576308377827,v10
AUS,IHD,29111.627779367394,v10
AUS,IschStroke,11528.383558740892,v10
BGD,CKD,14800.557168730687,v10
BGD,IHD,172418.8300401296,v10
BGD,IschStroke,72209.14902465812,v10
BGR,CKD,1269.3826493965528,v10
BGR,IHD,17310.29208769921,v10
BGR,IschStroke,14169.276093290748,v10
BRA,CKD,41852.46386713412,v10
BRA,IHD,226048.56896098232,v10
BRA,IschStroke,120423.87043440834,v10
CAN,CKD,9150.885396180647,v10
CAN,IHD,44905.727832798264,v10
CAN,IschStroke,18065.741900306966,v10
CHN,CKD,119017.16091370909,v10
CHN,IHD,1949999.8460324812,v10
CHN,IschStroke,1647530.3630949296,v10
DEU,CKD,30423.50556817512,v10
DEU,IHD,167555.66855276717,v10
DEU,IschStroke,59302.15490523466,v10
EGY,CKD,36055.35133518658,v10
EGY,IHD,202923.45870282926,v10
EGY,IschStroke,52798.37081741472,v10
GBR,CKD,10038.843456201655,v10
GBR,IHD,90150.16960339068,v10
GBR,IschStroke,32833.634242942935,v10
GLB,CKD,1154476.1837159696,v10
GLB,IHD,9509604.161323933,v10
GLB,IschStroke,5259655.907925993,v10
IND,CKD,76507.87606015001,v10
IND,IHD,1713027.48582948,v10
IND,IschStroke,692779.2240965704,v10
ISR,CKD,2990.5634207841836,v10
ISR,IHD,6542.404429112774,v10
ISR,IschStroke,2730.351738586258,v10
JPN,CKD,23552.877528271012,v10
JPN,IHD,112813.7050273233,v10
JPN,IschStroke,93755.4531667528,v10
MEX,CKD,50509.76173209039,v10
MEX,IHD,157452.6747916101,v10
MEX,IschStroke,36785.947456840746,v10
NGA,CKD,26592.881179675045,v10
NGA,IHD,80300.25035252441,v10
NGA,IschStroke,71911.95505420139,v10
NZL,CKD,1039.7395218121937,v10
NZL,IHD,8559.940208661134,v10
NZL,IschStroke,2605.572023187523,v10
ROU,CKD,2579.354109348711,v10
ROU,IHD,41383.2683898204,v10
ROU,IschStroke,27876.214473035485,v10
TUR,CKD,21494.840763205564,v10
TUR,IHD,146612.63872757286,v10
TUR,IschStroke,41905.16904581223,v10
USA,CKD,119994.59485405564,v10
USA,IHD,587702.7500943696,v10
USA,IschStroke,164737.8959654135,v10
ZAF,CKD,10684.095214057399,v10
ZAF,IHD,29436.083827313512,v10
ZAF,IschStroke,32077.97875858655,v10
AUS,CKD,5619.576308377827,v15
AUS,IHD,31336.421281634823,v15
AUS,IschStroke,11528.383558740892,v15
BGD,CKD,14800.557168730687,v15
BGD,IHD,172830.9377255686,v15
BGD,IschStroke,72209.14902465812,v15
BGR,CKD,1269.3826493965528,v15
BGR,IHD,18359.212286968766,v15
BGR,IschStroke,14169.276093290748,v15
BRA,CKD,41852.46386713412,v15
BRA,IHD,243334.0076533443,v15
BRA,IschStroke,120423.87043440834,v15
CAN,CKD,9150.885396180647,v15
CAN,IHD,47542.47219771501,v15
CAN,IschStroke,18065.741900306966,v15
CHN,CKD,119017.16091370909,v15
CHN,IHD,1989812.037260335,v15
CHN,IschStroke,1647530.3630949296,v15
DEU,CKD,30423.50556817512,v15
DEU,IHD,178038.21991547983,v15
DEU,IschStroke,59302.15490523466,v15
EGY,CKD,36055.35133518658,v15
EGY,IHD,213472.4713009163,v15
EGY,IschStroke,52798.37081741472,v15
GBR,CKD,10038.843456201655,v15
GBR,IHD,95966.05912940437,v15
GBR,IschStroke,32833.634242942935,v15
GLB,CKD,1154476.1837159696,v15
GLB,IHD,9927517.301002586,v15
GLB,IschStroke,5259655.907925993,v15
IND,CKD,76507.87606015001,v15
IND,IHD,1740770.4403694877,v15
IND,IschStroke,692779.2240965704,v15
ISR,CKD,2990.5634207841836,v15
ISR,IHD,7281.105838679097,v15
ISR,IschStroke,2730.351738586258,v15
JPN,CKD,23552.877528271012,v15
JPN,IHD,115709.47571175687,v15
JPN,IschStroke,93755.4531667528,v15
MEX,CKD,50509.76173209039,v15
MEX,IHD,190332.95588491205,v15
MEX,IschStroke,36785.947456840746,v15
NGA,CKD,26592.881179675045,v15
NGA,IHD,81571.0010321336,v15
NGA,IschStroke,71911.95505420139,v15
NZL,CKD,1039.7395218121937,v15
NZL,IHD,9011.580988413887,v15
NZL,IschStroke,2605.572023187523,v15
ROU,CKD,2579.354109348711,v15
ROU,IHD,45795.498298306804,v15
ROU,IschStroke,27876.214473035485,v15
TUR,CKD,21494.840763205564,v15
TUR,IHD,157257.81627422504,v15
TUR,IschStroke,41905.16904581223,v15
USA,CKD,119994.59485405564,v15
USA,IHD,667340.7939191863,v15
USA,IschStroke,164737.8959654135,v15
ZAF,CKD,10684.095214057399,v15
ZAF,IHD,30343.756649574265,v15
ZAF,IschStroke,32077.97875858655,v15
AUS,CKD,5619.576308377827,v29
AUS,IHD,36673.90253068984,v29
AUS,IschStroke,11528.383558740892,v29
BGD,CKD,14800.557168730687,v29
BGD,IHD,224288.9152592197,v29
BGD,IschStroke,72209.14902465812,v29
BGR,CKD,1269.3826493965528,v29
BGR,IHD,18454.94943502683,v29
BGR,IschStroke,14169.276093290748,v29
BRA,CKD,41852.46386713412,v29
BRA,IHD,227263.37685883648,v29
BRA,IschStroke,120423.87043440834,v29
CAN,CKD,9150.885396180647,v29
CAN,IHD,54642.97979085098,v29
CAN,IschStroke,18065.741900306966,v29
CHN,CKD,119017.16091370909,v29
CHN,IHD,2083506.2295240401,v29
CHN,IschStroke,1647530.3630949296,v29
DEU,CKD,30423.50556817512,v29
DEU,IHD,185794.08867345168,v29
DEU,IschStroke,59302.15490523466,v29
EGY,CKD,36055.35133518658,v29
EGY,IHD,304905.37306559645,v29
EGY,IschStroke,52798.37081741472,v29
GBR,CKD,10038.843456201655,v29
GBR,IHD,104775.9464384291,v29
GBR,IschStroke,32833.634242942935,v29
GLB,CKD,1154476.1837159696,v29
GLB,IHD,11347785.558595292,v29
GLB,IschStroke,5259655.907925993,v29
IND,CKD,76507.87606015001,v29
IND,IHD,2408931.5708780224,v29
IND,IschStroke,692779.2240965704,v29
ISR,CKD,2990.5634207841836,v29
ISR,IHD,7334.6692485973645,v29
ISR,IschStroke,2730.351738586258,v29
JPN,CKD,23552.877528271012,v29
JPN,IHD,123277.15022987271,v29
JPN,IschStroke,93755.4531667528,v29
MEX,CKD,50509.76173209039,v29
MEX,IHD,199980.19671329472,v29
MEX,IschStroke,36785.947456840746,v29
NGA,CKD,26592.881179675045,v29
NGA,IHD,121062.39460109224,v29
NGA,IschStroke,71911.95505420139,v29
NZL,CKD,1039.7395218121937,v29
NZL,IHD,10553.439454972216,v29
NZL,IschStroke,2605.572023187523,v29
ROU,CKD,2579.354109348711,v29
ROU,IHD,52539.041502375054,v29
ROU,IschStroke,27876.214473035485,v29
TUR,CKD,21494.840763205564,v29
TUR,IHD,196653.1318158525,v29
TUR,IschStroke,41905.16904581223,v29
USA,CKD,119994.59485405564,v29
USA,IHD,587866.5027834212,v29
USA,IschStroke,164737.8959654135,v29
ZAF,CKD,10684.095214057399,v29
ZAF,IHD,31688.222228795115,v29
ZAF,IschStroke,32077.97875858655,v29
AUS,CKD,5619.576308377827,v30
AUS,IHD,29905.52325845294,v30
AUS,IschStroke,11528.383558740892,v30
BGD,CKD,14800.557168730687,v30
BGD,IHD,166423.84688280657,v30
BGD,IschStroke,72209.14902465812,v30
BGR,CKD,1269.3826493965528,v30
BGR,IHD,21884.91649147572,v30
BGR,IschStroke,14169.276093290748,v30
BRA,CKD,41852.46386713412,v30
BRA,IHD,271786.24352446944,v30
BRA,IschStroke,120423.87043440834,v30
CAN,CKD,9150.885396180647,v30
CAN,IHD,46370.85269342267,v30
CAN,IschStroke,18065.741900306966,v30
CHN,CKD,119017.16091370909,v30
CHN,IHD,2039277.5610159652,v30
CHN,IschStroke,1647530.3630949296,v30
DEU,CKD,30423.50556817512,v30
DEU,IHD,182986.53765488495,v30
DEU,IschStroke,59302.15490523466,v30
EGY,CKD,36055.35133518658,v30
EGY,IHD,201895.821819001,v30
EGY,IschStroke,52798.37081741472,v30
GBR,CKD,10038.843456201655,v30
GBR,IHD,91220.42277620803,v30
GBR,IschStroke,32833.634242942935,v30
GLB,CKD,1154476.1837159696,v30
GLB,IHD,10109520.82690564,v30
GLB,IschStroke,5259655.907925993,v30
IND,CKD,76507.87606015001,v30
IND,IHD,2321127.0956606558,v30
IND,IschStroke,692779.2240965704,v30
ISR,CKD,2990.5634207841836,v30
ISR,IHD,6366.729517314627,v30
ISR,IschStroke,2730.351738586258,v30
JPN,CKD,23552.877528271012,v30
JPN,IHD,111391.8317322301,v30
JPN,IschStroke,93755.4531667528,v30
MEX,CKD,50509.76173209039,v30
MEX,IHD,184851.14079529038,v30
MEX,IschStroke,36785.947456840746,v30
NGA,CKD,26592.881179675045,v30
NGA,IHD,113055.21789944088,v30
NGA,IschStroke,71911.95505420139,v30
NZL,CKD,1039.7395218121937,v30
NZL,IHD,8935.000383622702,v30
NZL,IschStroke,2605.572023187523,v30
ROU,CKD,2579.354109348711,v30
ROU,IHD,54178.79073383138,v30
ROU,IschStroke,27876.214473035485,v30
TUR,CKD,21494.840763205564,v30
TUR,IHD,189074.7017810293,v30
TUR,IschStroke,41905.16904581223,v30
USA,CKD,119994.59485405564,v30
USA,IHD,663244.3378133861,v30
USA,IschStroke,164737.8959654135,v30
ZAF,CKD,10684.095214057399,v30
ZAF,IHD,36848.606130782726,v30
ZAF,IschStroke,32077.97875858655,v30
AUS,CKD,5619.576308377827,v34
AUS,IHD,35316.977308435555,v34
AUS,IschStroke,12594.112814243617,v34
BGD,CKD,14800.557168730687,v34
BGD,IHD,292304.63174047327,v34
BGD,IschStroke,104641.82131737284,v34
BGR,CKD,1269.3826493965528,v34
BGR,IHD,20199.704780590684,v34
BGR,IschStroke,16883.955280634924,v34
BRA,CKD,41852.46386713412,v34
BRA,IHD,259227.39458391434,v34
BRA,IschStroke,130541.45297424306,v34
CAN,CKD,9150.885396180647,v34
CAN,IHD,47101.69889878253,v34
CAN,IschStroke,18600.13663497121,v34
CHN,CKD,119017.16091370909,v34
CHN,IHD,2100296.4862901843,v34
CHN,IschStroke,1739084.3610101398,v34
DEU,CKD,30423.50556817512,v34
DEU,IHD,185028.86332166972,v34
DEU,IschStroke,63395.99324415348,v34
EGY,CKD,36055.35133518658,v34
EGY,IHD,196358.12256291762,v34
EGY,IschStroke,52025.887895377775,v34
GBR,CKD,10038.843456201655,v34
GBR,IHD,99901.36138146956,v34
GBR,IschStroke,35061.225870629845,v34
GLB,CKD,1154476.1837159696,v34
GLB,IHD,10738693.365542935,v34
GLB,IschStroke,5759573.525285212,v34
IND,CKD,76507.87606015001,v34
IND,IHD,2025582.399433581,v34
IND,IschStroke,766429.2783811395,v34
ISR,CKD,2990.5634207841836,v34
ISR,IHD,6722.95959084719,v34
ISR,IschStroke,2768.284537993207,v34
JPN,CKD,23552.877528271012,v34
JPN,IHD,139188.17541416484,v34
JPN,IschStroke,110999.72933240702,v34
MEX,CKD,50509.76173209039,v34
MEX,IHD,153177.2485691678,v34
MEX,IschStroke,36315.5108289012,v34
NGA,CKD,26592.881179675045,v34
NGA,IHD,77258.09045931365,v34
NGA,IschStroke,70825.58079063236,v34
NZL,CKD,1039.7395218121937,v34
NZL,IHD,9818.914720559935,v34
NZL,IschStroke,2822.2309465859753,v34
ROU,CKD,2579.354109348711,v34
ROU,IHD,42241.193571361975,v34
ROU,IschStroke,28436.284004622154,v34
TUR,CKD,21494.840763205564,v34
TUR,IHD,143194.09911749663,v34
TUR,IschStroke,41090.99634112583,v34
USA,CKD,119994.59485405564,v34
USA,IHD,666085.1892766885,v34
USA,IschStroke,176984.99235720758,v34
ZAF,CKD,10684.095214057399,v34
ZAF,IHD,31124.27246095531,v34
ZAF,IschStroke,34006.17978454996,v34
AUS,CKD,5723.579018735872,v37
AUS,IHD,29598.8852696504,v37
AUS,IschStroke,11841.27186335608,v37
BGD,CKD,15675.297948061661,v37
BGD,IHD,181330.78030710347,v37
BGD,IschStroke,79442.94027749154,v37
BGR,CKD,1683.170938309164,v37
BGR,IHD,20816.250230538502,v37
BGR,IschStroke,26039.217602295234,v37
BRA,CKD,45053.27052892628,v37
BRA,IHD,243505.27985380922,v37
BRA,IschStroke,140671.82050528406,v37
CAN,CKD,9670.84301641503,v37
CAN,IHD,46768.808308306936,v37
CAN,IschStroke,19906.77786329683,v37
CHN,CKD,157214.94336620002,v37
CHN,IHD,2508963.425345716,v37
CHN,IschStroke,2933592.0640996024,v37
DEU,CKD,32293.375739461095,v37
DEU,IHD,173772.31823407003,v37
DEU,IschStroke,64849.996411581866,v37
EGY,CKD,37617.369011627336,v37
EGY,IHD,215115.64592130712,v37
EGY,IschStroke,59679.31971111063,v37
GBR,CKD,10234.861872385925,v37
GBR,IHD,91334.48352636285,v37
GBR,IschStroke,33872.74513682248,v37
GLB,CKD,1320215.591029021,v37
GLB,IHD,10859786.487765241,v37
GLB,IschStroke,7377030.916715877,v37
IND,CKD,82197.2747581058,v37
IND,IHD,1868503.6296127376,v37
IND,IschStroke,832743.4235571951,v37
ISR,CKD,3127.4658965615226,v37
ISR,IHD,6808.955877659994,v37
ISR,IschStroke,2960.5676632247623,v37
JPN,CKD,26623.284720329397,v37
JPN,IHD,119405.25473007109,v37
JPN,IschStroke,108186.30068444822,v37
MEX,CKD,52991.95991049066,v37
MEX,IHD,166750.56290047246,v37
MEX,IschStroke,41743.08024571165,v37
NGA,CKD,26592.881179675045,v37
NGA,IHD,80300.25035252441,v37
NGA,IschStroke,71911.95505420139,v37
NZL,CKD,1064.3026728960103,v37
NZL,IHD,8720.490516741222,v37
NZL,IschStroke,2709.9367730027916,v37
ROU,CKD,3429.314601116569,v37
ROU,IHD,54040.37360632436,v37
ROU,IschStroke,60803.81388103948,v37
TUR,CKD,22332.168684277945,v37
TUR,IHD,151267.7712517437,v37
TUR,IschStroke,47219.28136261791,v37
USA,CKD,124403.99319258278,v37
USA,IHD,608789.2660484008,v37
USA,IschStroke,177621.48139149757,v37
ZAF,CKD,10705.839994049697,v37
ZAF,IHD,29468.460955253704,v37
ZAF,IschStroke,32224.078052217243,v37
AUS,T2D_incidence,13550.880066950416,v01
BGD,T2D_incidence,238486.79002120794,v01
BGR,T2D_incidence,12044.602965300039,v01
BRA,T2D_incidence,139169.35976874683,v01
CAN,T2D_incidence,13434.374368658413,v01
CHN,T2D_incidence,1634367.2081630263,v01
DEU,T2D_incidence,44509.613908698244,v01
EGY,T2D_incidence,47558.58530255274,v01
GBR,T2D_incidence,50133.819031066414,v01
GLB,T2D_incidence,8478104.09607985,v01
IND,T2D_incidence,4926018.513179889,v01
ISR,T2D_incidence,1365.8425164091414,v01
JPN,T2D_incidence,202633.06103370397,v01
MEX,T2D_incidence,145134.93678346768,v01
NGA,T2D_incidence,135239.8451676719,v01
NZL,T2D_incidence,3748.1903562986886,v01
ROU,T2D_incidence,9125.130064234418,v01
TUR,T2D_incidence,7510.304810248366,v01
USA,T2D_incidence,303838.8966211973,v01
ZAF,T2D_incidence,238187.30298452073,v01
AUS,T2D_incidence,1169.4589778901327,v02
BGD,T2D_incidence,346229.904810404,v02
BGR,T2D_incidence,173.07245911865695,v02
BRA,T2D_incidence,147698.68269793963,v02
CAN,T2D_incidence,2968.4524273207867,v02
CHN,T2D_incidence,-1532.239083432231,v02
DEU,T2D_incidence,4146.293338419618,v02
EGY,T2D_incidence,565.269172061868,v02
GBR,T2D_incidence,3988.8601703605873,v02
GLB,T2D_incidence,128748.19323163165,v02
IND,T2D_incidence,164846.75149290773,v02
ISR,T2D_incidence,36.87343030220742,v02
JPN,T2D_incidence,2086.401622245163,v02
MEX,T2D_incidence,73021.96085322827,v02
NGA,T2D_incidence,37629.34235001158,v02
NZL,T2D_incidence,305.4631498759122,v02
ROU,T2D_incidence,46.3468561419061,v02
TUR,T2D_incidence,-149.6818657145229,v02
USA,T2D_incidence,13447.494944758859,v02
ZAF,T2D_incidence,133511.6631099323,v02
AUS,T2D_incidence,0.0,v05
BGD,T2D_incidence,0.0,v05
BGR,T2D_incidence,0.0,v05
BRA,T2D_incidence,0.0,v05
CAN,T2D_incidence,0.0,v05
CHN,T2D_incidence,0.0,v05
DEU,T2D_incidence,0.0,v05
EGY,T2D_incidence,0.0,v05
GBR,T2D_incidence,0.0,v05
GLB,T2D_incidence,0.0,v05
IND,T2D_incidence,0.0,v05
ISR,T2D_incidence,0.0,v05
JPN,T2D_incidence,0.0,v05
MEX,T2D_incidence,0.0,v05
NGA,T2D_incidence,0.0,v05
NZL,T2D_incidence,0.0,v05
ROU,T2D_incidence,0.0,v05
TUR,T2D_incidence,0.0,v05
USA,T2D_incidence,0.0,v05
ZAF,T2D_incidence,0.0,v05
AUS,T2D_incidence,0.0,v06
BGD,T2D_incidence,0.0,v06
BGR,T2D_incidence,0.0,v06
BRA,T2D_incidence,0.0,v06
CAN,T2D_incidence,0.0,v06
CHN,T2D_incidence,0.0,v06
DEU,T2D_incidence,0.0,v06
EGY,T2D_incidence,0.0,v06
GBR,T2D_incidence,0.0,v06
GLB,T2D_incidence,0.0,v06
IND,T2D_incidence,0.0,v06
ISR,T2D_incidence,0.0,v06
JPN,T2D_incidence,0.0,v06
MEX,T2D_incidence,0.0,v06
NGA,T2D_incidence,0.0,v06
NZL,T2D_incidence,0.0,v06
ROU,T2D_incidence,0.0,v06
TUR,T2D_incidence,0.0,v06
USA,T2D_incidence,0.0,v06
ZAF,T2D_incidence,0.0,v06
AUS,T2D_incidence,73752.82831212934,v08
BGD,T2D_incidence,976719.6433925241,v08
BGR,T2D_incidence,14360.95849534992,v08
BRA,T2D_incidence,457093.42953605804,v08
CAN,T2D_incidence,72429.08152606591,v08
CHN,T2D_incidence,3254752.1058324063,v08
DEU,T2D_incidence,172966.96699046448,v08
EGY,T2D_incidence,57215.38370573163,v08
GBR,T2D_incidence,188557.60942472552,v08
GLB,T2D_incidence,13432010.660100676,v08
IND,T2D_incidence,2598202.693995986,v08
ISR,T2D_incidence,15076.1402201141,v08
JPN,T2D_incidence,556129.9757370354,v08
MEX,T2D_incidence,14103.39146344184,v08
NGA,T2D_incidence,22618.590251894304,v08
NZL,T2D_incidence,17037.715221878196,v08
ROU,T2D_incidence,22514.433387168414,v08
TUR,T2D_incidence,123813.32405386923,v08
USA,T2D_incidence,1323237.954714057,v08
ZAF,T2D_incidence,9292.111877382193,v08
AUS,T2D_incidence,16460.835916907527,v09
BGD,T2D_incidence,35306.94583890557,v09
BGR,T2D_incidence,9334.935959092572,v09
BRA,T2D_incidence,132641.93232334478,v09
CAN,T2D_incidence,38495.41935398701,v09
CHN,T2D_incidence,570814.7428942015,v09
DEU,T2D_incidence,97266.87438217064,v09
EGY,T2D_incidence,86280.03960754412,v09
GBR,T2D_incidence,71528.3065453037,v09
GLB,T2D_incidence,6128368.348448018,v09
IND,T2D_incidence,357788.6413147082,v09
ISR,T2D_incidence,6467.32842517105,v09
JPN,T2D_incidence,133473.6193374966,v09
MEX,T2D_incidence,149654.72328439998,v09
NGA,T2D_incidence,52238.176997889466,v09
NZL,T2D_incidence,5398.315646216619,v09
ROU,T2D_incidence,21716.5977715049,v09
TUR,T2D_incidence,43580.99682231607,v09
USA,T2D_incidence,650464.6310815357,v09
ZAF,T2D_incidence,37979.530624686406,v09
AUS,T2D_incidence,0.0,v10
BGD,T2D_incidence,0.0,v10
BGR,T2D_incidence,0.0,v10
BRA,T2D_incidence,0.0,v10
CAN,T2D_incidence,0.0,v10
CHN,T2D_incidence,0.0,v10
DEU,T2D_incidence,0.0,v10
EGY,T2D_incidence,0.0,v10
GBR,T2D_incidence,0.0,v10
GLB,T2D_incidence,0.0,v10
IND,T2D_incidence,0.0,v10
ISR,T2D_incidence,0.0,v10
JPN,T2D_incidence,0.0,v10
MEX,T2D_incidence,0.0,v10
NGA,T2D_incidence,0.0,v10
NZL,T2D_incidence,0.0,v10
ROU,T2D_incidence,0.0,v10
TUR,T2D_incidence,0.0,v10
USA,T2D_incidence,0.0,v10
ZAF,T2D_incidence,0.0,v10
AUS,T2D_incidence,11496.352490256091,v15
BGD,T2D_incidence,6260.453712889638,v15
BGR,T2D_incidence,6764.109030304656,v15
BRA,T2D_incidence,161983.4954626747,v15
CAN,T2D_incidence,23714.62662661167,v15
CHN,T2D_incidence,477312.990664639,v15
DEU,T2D_incidence,59144.07803338177,v15
EGY,T2D_incidence,86016.97291379859,v15
GBR,T2D_incidence,41926.4817582472,v15
GLB,T2D_incidence,3960593.8355524717,v15
IND,T2D_incidence,438543.9448516557,v15
ISR,T2D_incidence,6179.077114360081,v15
JPN,T2D_incidence,69239.71312738379,v15
MEX,T2D_incidence,302806.9575573568,v15
NGA,T2D_incidence,18238.677000912772,v15
NZL,T2D_incidence,3162.7922330218844,v15
ROU,T2D_incidence,15775.498519919445,v15
TUR,T2D_incidence,81415.16607452575,v15
USA,T2D_incidence,482137.5435821289,v15
ZAF,T2D_incidence,51199.5659004389,v15
AUS,T2D_incidence,0.0,v29
BGD,T2D_incidence,0.0,v29
BGR,T2D_incidence,0.0,v29
BRA,T2D_incidence,0.0,v29
CAN,T2D_incidence,0.0,v29
CHN,T2D_incidence,0.0,v29
DEU,T2D_incidence,0.0,v29
EGY,T2D_incidence,0.0,v29
GBR,T2D_incidence,0.0,v29
GLB,T2D_incidence,0.0,v29
IND,T2D_incidence,0.0,v29
ISR,T2D_incidence,0.0,v29
JPN,T2D_incidence,0.0,v29
MEX,T2D_incidence,0.0,v29
NGA,T2D_incidence,0.0,v29
NZL,T2D_incidence,0.0,v29
ROU,T2D_incidence,0.0,v29
TUR,T2D_incidence,0.0,v29
USA,T2D_incidence,0.0,v29
ZAF,T2D_incidence,0.0,v29
AUS,T2D_incidence,0.0,v30
BGD,T2D_incidence,0.0,v30
BGR,T2D_incidence,0.0,v30
BRA,T2D_incidence,0.0,v30
CAN,T2D_incidence,0.0,v30
CHN,T2D_incidence,0.0,v30
DEU,T2D_incidence,0.0,v30
EGY,T2D_incidence,0.0,v30
GBR,T2D_incidence,0.0,v30
GLB,T2D_incidence,0.0,v30
IND,T2D_incidence,0.0,v30
ISR,T2D_incidence,0.0,v30
JPN,T2D_incidence,0.0,v30
MEX,T2D_incidence,0.0,v30
NGA,T2D_incidence,0.0,v30
NZL,T2D_incidence,0.0,v30
ROU,T2D_incidence,0.0,v30
TUR,T2D_incidence,0.0,v30
USA,T2D_incidence,0.0,v30
ZAF,T2D_incidence,0.0,v30
AUS,T2D_incidence,2063.2090041890483,v34
BGD,T2D_incidence,85088.91711544656,v34
BGR,T2D_incidence,1165.953193841909,v34
BRA,T2D_incidence,16853.385418732953,v34
CAN,T2D_incidence,1196.337085013791,v34
CHN,T2D_incidence,62619.41960279229,v34
DEU,T2D_incidence,6350.190999626093,v34
EGY,T2D_incidence,-2564.819074818415,v34
GBR,T2D_incidence,4369.616145071755,v34
GLB,T2D_incidence,485870.50981247413,v34
IND,T2D_incidence,139063.26335380683,v34
ISR,T2D_incidence,108.9404719433552,v34
JPN,T2D_incidence,38384.30300396071,v34
MEX,T2D_incidence,-4193.655989243619,v34
NGA,T2D_incidence,-1586.9786364063684,v34
NZL,T2D_incidence,462.0921217343324,v34
ROU,T2D_incidence,200.77292128626382,v34
TUR,T2D_incidence,-1902.3440993204822,v34
USA,T2D_incidence,38971.55632574608,v34
ZAF,T2D_incidence,4561.797065806859,v34
AUS,T2D_incidence,0.0,v37
BGD,T2D_incidence,0.0,v37
BGR,T2D_incidence,0.0,v37
BRA,T2D_incidence,0.0,v37
CAN,T2D_incidence,0.0,v37
CHN,T2D_incidence,0.0,v37
DEU,T2D_incidence,0.0,v37
EGY,T2D_incidence,0.0,v37
GBR,T2D_incidence,0.0,v37
GLB,T2D_incidence,0.0,v37
IND,T2D_incidence,0.0,v37
ISR,T2D_incidence,0.0,v37
JPN,T2D_incidence,0.0,v37
MEX,T2D_incidence,0.0,v37
NGA,T2D_incidence,0.0,v37
NZL,T2D_incidence,0.0,v37
ROU,T2D_incidence,0.0,v37
TUR,T2D_incidence,0.0,v37
USA,T2D_incidence,0.0,v37
ZAF,T2D_incidence,0.0,v37
