iso3,factor,seg,deaths,total,pct
AUS,Fibre (low),Not transmitted through a GLP-1 target,1183.3759791456173,1183.3759791456173,100.0
AUS,Fruits (low),Not transmitted through a GLP-1 target,1123.4783072814846,1267.9082340499099,88.60880283842845
AUS,Fruits (low),"Transmitted through a GLP-1 target, beyond what 20% coverage offsets",61.67324304001656,1267.9082340499099,4.864172452214618
AUS,Fruits (low),"Transmitted through a GLP-1 target, offset by 20% coverage",82.75668372840866,1267.9082340499099,6.527024709356926
AUS,Legumes (low),Not transmitted through a GLP-1 target,1419.8006658261795,1419.8006658261795,100.0
AUS,Nuts & seeds (low),Not transmitted through a GLP-1 target,1028.6088810504814,1279.3642799135341,80.4
AUS,Nuts & seeds (low),"Transmitted through a GLP-1 target, beyond what 20% coverage offsets",228.18741296537797,1279.3642799135341,17.836000000000002
AUS,Nuts & seeds (low),"Transmitted through a GLP-1 target, offset by 20% coverage",22.567985897674742,1279.3642799135341,1.7640000000000002
AUS,Omega-6 PUFA (low),Not transmitted through a GLP-1 target,1626.1963532392049,1630.5437502729276,99.73337746791553
AUS,Omega-6 PUFA (low),"Transmitted through a GLP-1 target, beyond what 20% coverage offsets",2.9656085800554637,1630.5437502729276,0.18187850399960548
AUS,Omega-6 PUFA (low),"Transmitted through a GLP-1 target, offset by 20% coverage",1.3817884536671394,1630.5437502729276,0.08474402808485511
AUS,Processed meat (high),Not transmitted through a GLP-1 target,508.8903435973749,561.8243229053015,90.57819728519497
AUS,Processed meat (high),"Transmitted through a GLP-1 target, beyond what 20% coverage offsets",23.84904273066457,561.8243229053015,4.244928843118894
AUS,Processed meat (high),"Transmitted through a GLP-1 target, offset by 20% coverage",29.08493657726204,561.8243229053015,5.176873871686126
AUS,Red meat (high),Not transmitted through a GLP-1 target,1103.4930854514316,1103.4930854514316,100.0
AUS,SSB (high),Not transmitted through a GLP-1 target,294.4231178551123,321.8168171341673,91.48779746099024
AUS,SSB (high),"Transmitted through a GLP-1 target, beyond what 20% coverage offsets",13.669455940248456,321.8168171341673,4.247589066965876
AUS,SSB (high),"Transmitted through a GLP-1 target, offset by 20% coverage",13.724243338806565,321.8168171341673,4.264613472043894
AUS,Seafood omega-3 (low),Not transmitted through a GLP-1 target,679.1544085963507,679.1544085963507,100.0
AUS,Sodium (high),Not transmitted through a GLP-1 target,0.0,629.1057992399277,0.0
AUS,Sodium (high),"Transmitted through a GLP-1 target, beyond what 20% coverage offsets",0.0,629.1057992399277,0.0
AUS,Sodium (high),"Transmitted through a GLP-1 target, offset by 20% coverage",629.1057992399277,629.1057992399277,100.0
AUS,Trans fat (high),Not transmitted through a GLP-1 target,1432.8431575917969,1685.6978324609374,85.0
AUS,Trans fat (high),"Transmitted through a GLP-1 target, beyond what 20% coverage offsets",230.09775413091796,1685.6978324609374,13.65
AUS,Trans fat (high),"Transmitted through a GLP-1 target, offset by 20% coverage",22.756920738222654,1685.6978324609374,1.3499999999999999
AUS,Vegetables (low),Not transmitted through a GLP-1 target,664.9113864846635,780.5527754540512,85.18468031810936
AUS,Vegetables (low),"Transmitted through a GLP-1 target, beyond what 20% coverage offsets",28.999505858523992,780.5527754540512,3.7152524173211536
AUS,Vegetables (low),"Transmitted through a GLP-1 target, offset by 20% coverage",86.6418831108638,780.5527754540512,11.100067264569498
AUS,Whole grains (low),Not transmitted through a GLP-1 target,1773.7043756259825,2843.0708041210446,62.386922374743165
AUS,Whole grains (low),"Transmitted through a GLP-1 target, beyond what 20% coverage offsets",955.9136452105304,2843.0708041210446,33.6225761182215
AUS,Whole grains (low),"Transmitted through a GLP-1 target, offset by 20% coverage",113.45278328453179,2843.0708041210446,3.990501507035331
BGD,Fibre (low),Not transmitted through a GLP-1 target,35565.952573834715,35565.952573834715,100.0
BGD,Fruits (low),Not transmitted through a GLP-1 target,29233.231435323894,32750.72471400302,89.25980017420753
BGD,Fruits (low),"Transmitted through a GLP-1 target, beyond what 20% coverage offsets",2548.6438334289273,32750.72471400302,7.781946371217917
BGD,Fruits (low),"Transmitted through a GLP-1 target, offset by 20% coverage",968.8494452501976,32750.72471400302,2.958253454574557
BGD,Legumes (low),Not transmitted through a GLP-1 target,13741.499267297586,13741.499267297586,100.0
BGD,Nuts & seeds (low),Not transmitted through a GLP-1 target,25946.47139817844,32271.730594749304,80.4
BGD,Nuts & seeds (low),"Transmitted through a GLP-1 target, beyond what 20% coverage offsets",6072.248828708029,32271.730594749304,18.816
BGD,Nuts & seeds (low),"Transmitted through a GLP-1 target, offset by 20% coverage",253.01036786283456,32271.730594749304,0.7840000000000001
BGD,Omega-6 PUFA (low),Not transmitted through a GLP-1 target,17383.94718277706,17430.131050242253,99.73503430736082
BGD,Omega-6 PUFA (low),"Transmitted through a GLP-1 target, beyond what 20% coverage offsets",40.53550294977331,17430.131050242253,0.23255994365693494
BGD,Omega-6 PUFA (low),"Transmitted through a GLP-1 target, offset by 20% coverage",5.648364515418086,17430.131050242253,0.032405748982246366
BGD,Processed meat (high),Not transmitted through a GLP-1 target,853.6584218198652,952.674984829471,89.60646972090593
BGD,Processed meat (high),"Transmitted through a GLP-1 target, beyond what 20% coverage offsets",34.1949139298425,952.674984829471,3.5893578055860673
BGD,Processed meat (high),"Transmitted through a GLP-1 target, offset by 20% coverage",64.82164907976322,952.674984829471,6.804172473507983
BGD,SSB (high),Not transmitted through a GLP-1 target,171.61974556421984,186.22927184758663,92.15508596558146
BGD,SSB (high),"Transmitted through a GLP-1 target, beyond what 20% coverage offsets",5.069505620328272,186.22927184758663,2.7221851699432333
BGD,SSB (high),"Transmitted through a GLP-1 target, offset by 20% coverage",9.540020663038508,186.22927184758663,5.122728864475308
BGD,Seafood omega-3 (low),Not transmitted through a GLP-1 target,1316.367811230412,1316.367811230412,100.00000000000001
BGD,Sodium (high),Not transmitted through a GLP-1 target,0.0,16419.398136030235,0.0
BGD,Sodium (high),"Transmitted through a GLP-1 target, beyond what 20% coverage offsets",8206.7598951622,16419.398136030235,49.98209938739187
BGD,Sodium (high),"Transmitted through a GLP-1 target, offset by 20% coverage",8212.638240868037,16419.398136030235,50.017900612608145
BGD,Trans fat (high),Not transmitted through a GLP-1 target,3.218604079373285e-11,3.786593034556806e-11,84.99999999999999
BGD,Trans fat (high),"Transmitted through a GLP-1 target, beyond what 20% coverage offsets",5.452693969761801e-12,3.786593034556806e-11,14.4
BGD,Trans fat (high),"Transmitted through a GLP-1 target, offset by 20% coverage",2.2719558207340837e-13,3.786593034556806e-11,0.6
BGD,Vegetables (low),Not transmitted through a GLP-1 target,16543.299009042687,19292.439333601666,85.75016732191663
BGD,Vegetables (low),"Transmitted through a GLP-1 target, beyond what 20% coverage offsets",1291.034005616826,19292.439333601666,6.691916886675034
BGD,Vegetables (low),"Transmitted through a GLP-1 target, offset by 20% coverage",1458.1063189421532,19292.439333601666,7.557915791408336
BGD,Whole grains (low),Not transmitted through a GLP-1 target,24354.20431757175,38691.58018935301,62.944455094324226
BGD,Whole grains (low),"Transmitted through a GLP-1 target, beyond what 20% coverage offsets",13623.46160850369,38691.58018935301,35.210403766999775
BGD,Whole grains (low),"Transmitted through a GLP-1 target, offset by 20% coverage",713.914263277563,38691.58018935301,1.845141138675993
BGR,Fibre (low),Not transmitted through a GLP-1 target,1312.1288629716619,1312.1288629716619,99.99999999999999
BGR,Fruits (low),Not transmitted through a GLP-1 target,1801.7952311553736,2042.7047282822941,88.20634750625457
BGR,Fruits (low),"Transmitted through a GLP-1 target, beyond what 20% coverage offsets",192.70936380887093,2042.7047282822941,9.434029360225734
BGR,Fruits (low),"Transmitted through a GLP-1 target, offset by 20% coverage",48.20013331804966,2042.7047282822941,2.3596231335196958
BGR,Legumes (low),Not transmitted through a GLP-1 target,1914.880062030156,1914.880062030156,100.0
BGR,Nuts & seeds (low),Not transmitted through a GLP-1 target,1896.6697749411123,2359.042008633224,80.4
BGR,Nuts & seeds (low),"Transmitted through a GLP-1 target, beyond what 20% coverage offsets",408.27468235013487,2359.042008633224,17.306800000000003
BGR,Nuts & seeds (low),"Transmitted through a GLP-1 target, offset by 20% coverage",54.09755134197711,2359.042008633224,2.2932
BGR,Omega-6 PUFA (low),Not transmitted through a GLP-1 target,519.6398973143188,522.2255901839007,99.50487051607881
BGR,Omega-6 PUFA (low),"Transmitted through a GLP-1 target, beyond what 20% coverage offsets",0.9195231048668205,522.2255901839007,0.1760777568450853
BGR,Omega-6 PUFA (low),"Transmitted through a GLP-1 target, offset by 20% coverage",1.6661697647151144,522.2255901839007,0.31905172707610435
BGR,Processed meat (high),Not transmitted through a GLP-1 target,514.9056341315401,658.6838021960363,78.17189862796941
BGR,Processed meat (high),"Transmitted through a GLP-1 target, beyond what 20% coverage offsets",78.43463919603563,658.6838021960363,11.907783208655868
BGR,Processed meat (high),"Transmitted through a GLP-1 target, offset by 20% coverage",65.34352886846055,658.6838021960363,9.920318163374713
BGR,Red meat (high),Not transmitted through a GLP-1 target,536.0220772925318,536.0220772925318,100.0
BGR,SSB (high),Not transmitted through a GLP-1 target,339.88692178018584,428.3057221810685,79.35614776505294
BGR,SSB (high),"Transmitted through a GLP-1 target, beyond what 20% coverage offsets",50.04504102689959,428.3057221810685,11.684420364980037
BGR,SSB (high),"Transmitted through a GLP-1 target, offset by 20% coverage",38.37375937398308,428.3057221810685,8.959431869967025
BGR,Seafood omega-3 (low),Not transmitted through a GLP-1 target,2030.076214042623,2030.076214042623,100.0
BGR,Sodium (high),Not transmitted through a GLP-1 target,0.0,6937.234253819556,0.0
BGR,Sodium (high),"Transmitted through a GLP-1 target, beyond what 20% coverage offsets",5613.021289904894,6937.234253819556,80.91151436632593
BGR,Sodium (high),"Transmitted through a GLP-1 target, offset by 20% coverage",1324.2129639146626,6937.234253819556,19.08848563367407
BGR,Trans fat (high),Not transmitted through a GLP-1 target,4.210003305597381e-12,4.952945065408684e-12,85.0
BGR,Trans fat (high),"Transmitted through a GLP-1 target, beyond what 20% coverage offsets",6.560175739133802e-13,4.952945065408684e-12,13.245
BGR,Trans fat (high),"Transmitted through a GLP-1 target, offset by 20% coverage",8.692418589792241e-14,4.952945065408684e-12,1.755
BGR,Vegetables (low),Not transmitted through a GLP-1 target,672.9063210660585,795.2611939512499,84.61450479215866
BGR,Vegetables (low),"Transmitted through a GLP-1 target, beyond what 20% coverage offsets",55.61247020499706,795.2611939512499,6.99298175592938
BGR,Vegetables (low),"Transmitted through a GLP-1 target, offset by 20% coverage",66.74240268019433,795.2611939512499,8.392513451911963
BGR,Whole grains (low),Not transmitted through a GLP-1 target,1261.0759163443815,1962.0061407983387,64.27482004879204
BGR,Whole grains (low),"Transmitted through a GLP-1 target, beyond what 20% coverage offsets",582.867081141153,1962.0061407983387,29.70770931960411
BGR,Whole grains (low),"Transmitted through a GLP-1 target, offset by 20% coverage",118.06314331280426,1962.0061407983387,6.0174706316038575
BRA,Fibre (low),Not transmitted through a GLP-1 target,6885.5353823785035,6885.5353823785035,99.99999999999999
BRA,Fruits (low),Not transmitted through a GLP-1 target,9011.709938374259,9953.097403273907,90.54176376702598
BRA,Fruits (low),"Transmitted through a GLP-1 target, beyond what 20% coverage offsets",627.8028551500443,9953.097403273907,6.307612893887072
BRA,Fruits (low),"Transmitted through a GLP-1 target, offset by 20% coverage",313.5846097496043,9953.097403273907,3.150623339086944
BRA,Legumes (low),Not transmitted through a GLP-1 target,5677.820356166964,5677.820356166964,100.0
BRA,Nuts & seeds (low),Not transmitted through a GLP-1 target,14272.313700857438,17751.633956290345,80.4
BRA,Nuts & seeds (low),"Transmitted through a GLP-1 target, beyond what 20% coverage offsets",3173.1400729548122,17751.633956290345,17.875200000000003
BRA,Nuts & seeds (low),"Transmitted through a GLP-1 target, offset by 20% coverage",306.1801824780959,17751.633956290345,1.7248
BRA,Omega-6 PUFA (low),Not transmitted through a GLP-1 target,324.8931503088442,327.4664461160145,99.21418031139025
BRA,Omega-6 PUFA (low),"Transmitted through a GLP-1 target, beyond what 20% coverage offsets",0.6264702161495809,327.4664461160145,0.19130821602639422
BRA,Omega-6 PUFA (low),"Transmitted through a GLP-1 target, offset by 20% coverage",1.9468255910206693,327.4664461160145,0.5945114725833467
BRA,Processed meat (high),Not transmitted through a GLP-1 target,1149.6622447956463,1456.7663290473886,78.91878209097787
BRA,Processed meat (high),"Transmitted through a GLP-1 target, beyond what 20% coverage offsets",157.6658998477909,1456.7663290473886,10.82300549539006
BRA,Processed meat (high),"Transmitted through a GLP-1 target, offset by 20% coverage",149.43818440395128,1456.7663290473886,10.25821241363206
BRA,Red meat (high),Not transmitted through a GLP-1 target,8944.614593565326,8944.614593565326,100.0
BRA,SSB (high),Not transmitted through a GLP-1 target,2514.4216749567245,2931.2853465097583,85.77880955706384
BRA,SSB (high),"Transmitted through a GLP-1 target, beyond what 20% coverage offsets",221.7714732662139,2931.2853465097583,7.565673315642033
BRA,SSB (high),"Transmitted through a GLP-1 target, offset by 20% coverage",195.09219828681975,2931.2853465097583,6.655517127294121
BRA,Seafood omega-3 (low),Not transmitted through a GLP-1 target,10206.532472544812,10206.532472544812,100.0
BRA,Sodium (high),Not transmitted through a GLP-1 target,0.0,17521.470335511836,0.0
BRA,Sodium (high),"Transmitted through a GLP-1 target, beyond what 20% coverage offsets",8912.837333244099,17521.470335511836,50.86809019206514
BRA,Sodium (high),"Transmitted through a GLP-1 target, offset by 20% coverage",8608.633002267738,17521.470335511836,49.13190980793486
BRA,Trans fat (high),Not transmitted through a GLP-1 target,2.8244796081577208e-11,3.322917186067907e-11,85.0
BRA,Trans fat (high),"Transmitted through a GLP-1 target, beyond what 20% coverage offsets",4.5457507105408975e-12,3.322917186067907e-11,13.680000000000001
BRA,Trans fat (high),"Transmitted through a GLP-1 target, offset by 20% coverage",4.386250685609638e-13,3.322917186067907e-11,1.32
BRA,Vegetables (low),Not transmitted through a GLP-1 target,8266.814552386402,9702.49554769284,85.2029718720373
BRA,Vegetables (low),"Transmitted through a GLP-1 target, beyond what 20% coverage offsets",542.9188639028587,9702.49554769284,5.595662077185487
BRA,Vegetables (low),"Transmitted through a GLP-1 target, offset by 20% coverage",892.7621314035798,9702.49554769284,9.201366050777215
BRA,Whole grains (low),Not transmitted through a GLP-1 target,9916.24153837078,15657.706064566783,63.3313813497312
BRA,Whole grains (low),"Transmitted through a GLP-1 target, beyond what 20% coverage offsets",5043.7331607012475,15657.706064566783,32.21246547803806
BRA,Whole grains (low),"Transmitted through a GLP-1 target, offset by 20% coverage",697.7313654947557,15657.706064566783,4.456153172230728
CAN,Fibre (low),Not transmitted through a GLP-1 target,937.4418921936814,937.4418921936814,100.0
CAN,Fruits (low),Not transmitted through a GLP-1 target,1316.8081675943513,1478.3923737819823,89.07027599349213
CAN,Fruits (low),"Transmitted through a GLP-1 target, beyond what 20% coverage offsets",97.43564545176967,1478.3923737819823,6.590648543628002
CAN,Fruits (low),"Transmitted through a GLP-1 target, offset by 20% coverage",64.14856073586131,1478.3923737819823,4.339075462879874
CAN,Legumes (low),Not transmitted through a GLP-1 target,2398.6682586943075,2398.6682586943075,100.0
CAN,Nuts & seeds (low),Not transmitted through a GLP-1 target,1498.736622432799,1864.1002766577103,80.4
CAN,Nuts & seeds (low),"Transmitted through a GLP-1 target, beyond what 20% coverage offsets",315.6741972503233,1864.1002766577103,16.9344
CAN,Nuts & seeds (low),"Transmitted through a GLP-1 target, offset by 20% coverage",49.68945697458793,1864.1002766577103,2.6656
CAN,Omega-6 PUFA (low),Not transmitted through a GLP-1 target,3422.482178953075,3431.4064327109227,99.7399243157915
CAN,Omega-6 PUFA (low),"Transmitted through a GLP-1 target, beyond what 20% coverage offsets",5.925901007245406,3431.4064327109227,0.17269598118004784
CAN,Omega-6 PUFA (low),"Transmitted through a GLP-1 target, offset by 20% coverage",2.998352750602288,3431.4064327109227,0.0873797030284603
CAN,Processed meat (high),Not transmitted through a GLP-1 target,1979.3633648801888,2145.059606022633,92.27544816576552
CAN,Processed meat (high),"Transmitted through a GLP-1 target, beyond what 20% coverage offsets",92.31826372344126,2145.059606022633,4.303762164195413
CAN,Processed meat (high),"Transmitted through a GLP-1 target, offset by 20% coverage",73.37797741900316,2145.059606022633,3.420789670039077
CAN,Red meat (high),Not transmitted through a GLP-1 target,1522.4318119021002,1522.4318119021002,100.0
CAN,SSB (high),Not transmitted through a GLP-1 target,590.6545214642542,643.3223665144575,91.81314877398722
CAN,SSB (high),"Transmitted through a GLP-1 target, beyond what 20% coverage offsets",33.23341022667829,643.3223665144575,5.165903123614066
CAN,SSB (high),"Transmitted through a GLP-1 target, offset by 20% coverage",19.43443482352502,643.3223665144575,3.020948102398717
CAN,Seafood omega-3 (low),Not transmitted through a GLP-1 target,1512.5581878102653,1512.5581878102653,100.0
CAN,Sodium (high),Not transmitted through a GLP-1 target,0.0,2840.9844149418764,0.0
CAN,Sodium (high),"Transmitted through a GLP-1 target, beyond what 20% coverage offsets",990.8317637439383,2840.9844149418764,34.876353370076814
CAN,Sodium (high),"Transmitted through a GLP-1 target, offset by 20% coverage",1850.152651197938,2840.9844149418764,65.12364662992317
CAN,Trans fat (high),Not transmitted through a GLP-1 target,8.128410646713497e-12,9.562836054957055e-12,85.0
CAN,Trans fat (high),"Transmitted through a GLP-1 target, beyond what 20% coverage offsets",1.2393435527224346e-12,9.562836054957055e-12,12.960000000000003
CAN,Trans fat (high),"Transmitted through a GLP-1 target, offset by 20% coverage",1.9508185552112398e-13,9.562836054957055e-12,2.0400000000000005
CAN,Vegetables (low),Not transmitted through a GLP-1 target,1369.9172286726919,1608.0773805979347,85.18975798063354
CAN,Vegetables (low),"Transmitted through a GLP-1 target, beyond what 20% coverage offsets",86.20262775358133,1608.0773805979347,5.360601970629574
CAN,Vegetables (low),"Transmitted through a GLP-1 target, offset by 20% coverage",151.95752417166153,1608.0773805979347,9.449640048736887
CAN,Whole grains (low),Not transmitted through a GLP-1 target,2509.840938666516,4028.480247473171,62.30242633660155
CAN,Whole grains (low),"Transmitted through a GLP-1 target, beyond what 20% coverage offsets",1291.1573827760553,4028.480247473171,32.050731379058455
CAN,Whole grains (low),"Transmitted through a GLP-1 target, offset by 20% coverage",227.4819260305995,4028.480247473171,5.6468422843399955
CHN,Fibre (low),Not transmitted through a GLP-1 target,60893.35598925669,60893.35598925669,99.99999999999999
CHN,Fruits (low),Not transmitted through a GLP-1 target,190053.31658676878,210257.308483189,90.39082539286113
CHN,Fruits (low),"Transmitted through a GLP-1 target, beyond what 20% coverage offsets",15999.409799790285,210257.308483189,7.6094428846308135
CHN,Fruits (low),"Transmitted through a GLP-1 target, offset by 20% coverage",4204.582096629937,210257.308483189,1.9997317225080489
CHN,Legumes (low),Not transmitted through a GLP-1 target,134557.32306074855,134557.32306074855,100.0
CHN,Nuts & seeds (low),Not transmitted through a GLP-1 target,85923.55671046158,106870.09541102187,80.39999999999999
CHN,Nuts & seeds (low),"Transmitted through a GLP-1 target, beyond what 20% coverage offsets",18872.83136920482,106870.09541102187,17.6596
CHN,Nuts & seeds (low),"Transmitted through a GLP-1 target, offset by 20% coverage",2073.707331355469,106870.09541102187,1.9404000000000003
CHN,Omega-6 PUFA (low),Not transmitted through a GLP-1 target,40663.54166357447,40819.27963741306,99.6184695682482
CHN,Omega-6 PUFA (low),"Transmitted through a GLP-1 target, beyond what 20% coverage offsets",73.42254717210541,40819.27963741306,0.1798722266152137
CHN,Omega-6 PUFA (low),"Transmitted through a GLP-1 target, offset by 20% coverage",82.31542666648905,40819.27963741306,0.20165820513658092
CHN,Processed meat (high),Not transmitted through a GLP-1 target,7755.749866749038,9856.62119896744,78.68568457882418
CHN,Processed meat (high),"Transmitted through a GLP-1 target, beyond what 20% coverage offsets",216.41075541866027,9856.62119896744,2.195587626329102
CHN,Processed meat (high),"Transmitted through a GLP-1 target, offset by 20% coverage",1884.4605767997402,9856.62119896744,19.118727794846706
CHN,Red meat (high),Not transmitted through a GLP-1 target,68757.77540395467,68757.77540395467,100.0
CHN,SSB (high),Not transmitted through a GLP-1 target,8217.75054937141,9724.892594420533,84.50222426195415
CHN,SSB (high),"Transmitted through a GLP-1 target, beyond what 20% coverage offsets",161.26419882025598,9724.892594420533,1.6582620039709042
CHN,SSB (high),"Transmitted through a GLP-1 target, offset by 20% coverage",1345.8778462288656,9724.892594420533,13.839513734074933
CHN,Seafood omega-3 (low),Not transmitted through a GLP-1 target,77117.69771879757,77117.69771879757,100.0
CHN,Sodium (high),Not transmitted through a GLP-1 target,0.0,571427.4022013504,0.0
CHN,Sodium (high),"Transmitted through a GLP-1 target, beyond what 20% coverage offsets",449462.6114026351,571427.4022013504,78.65611793749098
CHN,Sodium (high),"Transmitted through a GLP-1 target, offset by 20% coverage",121964.79079871536,571427.4022013504,21.343882062509028
CHN,Trans fat (high),Not transmitted through a GLP-1 target,75348.89742843075,88645.76168050677,85.0
CHN,Trans fat (high),"Transmitted through a GLP-1 target, beyond what 20% coverage offsets",11980.474691120491,88645.76168050677,13.515000000000002
CHN,Trans fat (high),"Transmitted through a GLP-1 target, offset by 20% coverage",1316.3895609555257,88645.76168050677,1.4850000000000003
CHN,Vegetables (low),Not transmitted through a GLP-1 target,8748.732042396261,10282.600001850265,85.08287826835627
CHN,Vegetables (low),"Transmitted through a GLP-1 target, beyond what 20% coverage offsets",684.1440078200685,10282.600001850265,6.653414580913025
CHN,Vegetables (low),"Transmitted through a GLP-1 target, offset by 20% coverage",849.7239516339355,10282.600001850265,8.263707150730701
CHN,Whole grains (low),Not transmitted through a GLP-1 target,133588.3576927861,209955.8813457471,63.62687095809336
CHN,Whole grains (low),"Transmitted through a GLP-1 target, beyond what 20% coverage offsets",65789.5834943416,209955.8813457471,31.334956216826285
CHN,Whole grains (low),"Transmitted through a GLP-1 target, offset by 20% coverage",10577.94015861937,209955.8813457471,5.038172825080348
DEU,Fibre (low),Not transmitted through a GLP-1 target,6307.907549289859,6307.907549289859,100.0
DEU,Fruits (low),Not transmitted through a GLP-1 target,5618.854452150867,6357.063823003181,88.38757339227763
DEU,Fruits (low),"Transmitted through a GLP-1 target, beyond what 20% coverage offsets",424.3742547134967,6357.063823003181,6.675633067862065
DEU,Fruits (low),"Transmitted through a GLP-1 target, offset by 20% coverage",313.8351161388174,6357.063823003181,4.936793539860302
DEU,Legumes (low),Not transmitted through a GLP-1 target,15319.479487316394,15319.479487316394,100.0
DEU,Nuts & seeds (low),Not transmitted through a GLP-1 target,8052.715945472319,10015.81585257751,80.4
DEU,Nuts & seeds (low),"Transmitted through a GLP-1 target, beyond what 20% coverage offsets",1684.3397202962547,10015.81585257751,16.816799999999997
DEU,Nuts & seeds (low),"Transmitted through a GLP-1 target, offset by 20% coverage",278.76018680893725,10015.81585257751,2.7832
DEU,Omega-6 PUFA (low),Not transmitted through a GLP-1 target,7011.017562409402,7030.644925820173,99.72083125207064
DEU,Omega-6 PUFA (low),"Transmitted through a GLP-1 target, beyond what 20% coverage offsets",12.0550161694334,7030.644925820173,0.17146387417690706
DEU,Omega-6 PUFA (low),"Transmitted through a GLP-1 target, offset by 20% coverage",7.572347241337837,7030.644925820173,0.10770487375245268
DEU,Processed meat (high),Not transmitted through a GLP-1 target,7942.071064774628,8838.711246149525,89.85553259514494
DEU,Processed meat (high),"Transmitted through a GLP-1 target, beyond what 20% coverage offsets",572.3084861699947,8838.711246149525,6.475021869498382
DEU,Processed meat (high),"Transmitted through a GLP-1 target, offset by 20% coverage",324.3316952049024,8838.711246149525,3.6694455353566786
DEU,Red meat (high),Not transmitted through a GLP-1 target,6170.005752802973,6170.005752802973,100.0
DEU,SSB (high),Not transmitted through a GLP-1 target,2120.43144057963,2381.770829161321,89.02751745121863
DEU,SSB (high),"Transmitted through a GLP-1 target, beyond what 20% coverage offsets",183.19891139576572,2381.770829161321,7.691710266695745
DEU,SSB (high),"Transmitted through a GLP-1 target, offset by 20% coverage",78.14047718592573,2381.770829161321,3.2807722820856307
DEU,Seafood omega-3 (low),Not transmitted through a GLP-1 target,8440.518420897872,8440.518420897872,100.0
DEU,Sodium (high),Not transmitted through a GLP-1 target,0.0,9482.171563627104,0.0
DEU,Sodium (high),"Transmitted through a GLP-1 target, beyond what 20% coverage offsets",2684.2873838251026,9482.171563627104,28.308783128559146
DEU,Sodium (high),"Transmitted through a GLP-1 target, offset by 20% coverage",6797.884179802002,9482.171563627104,71.69121687144087
DEU,Trans fat (high),Not transmitted through a GLP-1 target,3.017251167271502e-11,3.5497072556135313e-11,85.0
DEU,Trans fat (high),"Transmitted through a GLP-1 target, beyond what 20% coverage offsets",4.568473237974615e-12,3.5497072556135313e-11,12.87
DEU,Trans fat (high),"Transmitted through a GLP-1 target, offset by 20% coverage",7.560876454456822e-13,3.5497072556135313e-11,2.1300000000000003
DEU,Vegetables (low),Not transmitted through a GLP-1 target,4721.925028909058,5547.597735385133,85.11657214780455
DEU,Vegetables (low),"Transmitted through a GLP-1 target, beyond what 20% coverage offsets",281.1644003049254,5547.597735385133,5.068218961002334
DEU,Vegetables (low),"Transmitted through a GLP-1 target, offset by 20% coverage",544.5083061711498,5547.597735385133,9.815208891193121
DEU,Whole grains (low),Not transmitted through a GLP-1 target,8985.018862835203,14375.14594658446,62.50384445641087
DEU,Whole grains (low),"Transmitted through a GLP-1 target, beyond what 20% coverage offsets",4531.8693458480775,14375.14594658446,31.525727548699088
DEU,Whole grains (low),"Transmitted through a GLP-1 target, offset by 20% coverage",858.2577379011809,14375.14594658446,5.97042799489005
EGY,Fibre (low),Not transmitted through a GLP-1 target,626.9616145404034,626.9616145404034,100.0
EGY,Fruits (low),Not transmitted through a GLP-1 target,5135.333521022436,5809.3072237810475,88.39838079143715
EGY,Fruits (low),"Transmitted through a GLP-1 target, beyond what 20% coverage offsets",279.26116187158414,5809.3072237810475,4.807133641140503
EGY,Fruits (low),"Transmitted through a GLP-1 target, offset by 20% coverage",394.7125408870272,5809.3072237810475,6.794485567422349
EGY,Legumes (low),Not transmitted through a GLP-1 target,10412.711351128162,10412.711351128162,100.0
EGY,Nuts & seeds (low),Not transmitted through a GLP-1 target,23490.340535413765,29216.841461957418,80.39999999999999
EGY,Nuts & seeds (low),"Transmitted through a GLP-1 target, beyond what 20% coverage offsets",5176.756837595463,29216.841461957418,17.7184
EGY,Nuts & seeds (low),"Transmitted through a GLP-1 target, offset by 20% coverage",549.7440889481908,29216.841461957418,1.8816
EGY,Omega-6 PUFA (low),Not transmitted through a GLP-1 target,18499.963080686983,18547.361746836265,99.7444452381085
EGY,Omega-6 PUFA (low),"Transmitted through a GLP-1 target, beyond what 20% coverage offsets",33.51496317623454,18547.361746836265,0.180699355701904
EGY,Omega-6 PUFA (low),"Transmitted through a GLP-1 target, offset by 20% coverage",13.883702973046859,18547.361746836265,0.07485540618958966
EGY,Processed meat (high),Not transmitted through a GLP-1 target,1199.9655421824193,1309.4697051367575,91.63751841491424
EGY,Processed meat (high),"Transmitted through a GLP-1 target, beyond what 20% coverage offsets",7.011597520216046,1309.4697051367575,0.5354532061880556
EGY,Processed meat (high),"Transmitted through a GLP-1 target, offset by 20% coverage",102.49256543412223,1309.4697051367575,7.8270283788977135
EGY,Red meat (high),Not transmitted through a GLP-1 target,1213.59920027614,1213.59920027614,100.0
EGY,SSB (high),Not transmitted through a GLP-1 target,1805.3084379067416,1896.9248221972896,95.17026804549772
EGY,SSB (high),"Transmitted through a GLP-1 target, beyond what 20% coverage offsets",6.596379668919459,1896.9248221972896,0.34774070072416413
EGY,SSB (high),"Transmitted through a GLP-1 target, offset by 20% coverage",85.02000462162864,1896.9248221972896,4.481991253778118
EGY,Seafood omega-3 (low),Not transmitted through a GLP-1 target,5075.463891630252,5075.463891630252,100.0
EGY,Sodium (high),Not transmitted through a GLP-1 target,0.0,8343.236427593913,0.0
EGY,Sodium (high),"Transmitted through a GLP-1 target, beyond what 20% coverage offsets",416.18576652150136,8343.236427593913,4.988301244167477
EGY,Sodium (high),"Transmitted through a GLP-1 target, offset by 20% coverage",7927.050661072411,8343.236427593913,95.01169875583251
EGY,Trans fat (high),Not transmitted through a GLP-1 target,23580.739671997224,27742.04667293791,85.0
EGY,Trans fat (high),"Transmitted through a GLP-1 target, beyond what 20% coverage offsets",3761.8215288503816,27742.04667293791,13.560000000000004
EGY,Trans fat (high),"Transmitted through a GLP-1 target, offset by 20% coverage",399.485472090306,27742.04667293791,1.4400000000000002
EGY,Vegetables (low),Not transmitted through a GLP-1 target,2211.874282871923,2596.555859787146,85.18492966499255
EGY,Vegetables (low),"Transmitted through a GLP-1 target, beyond what 20% coverage offsets",98.14835210138266,2596.555859787146,3.7799437948324526
EGY,Vegetables (low),"Transmitted through a GLP-1 target, offset by 20% coverage",286.53322481384055,2596.555859787146,11.035126540175002
EGY,Whole grains (low),Not transmitted through a GLP-1 target,4004.5402050165226,6382.388600360963,62.74359735460234
EGY,Whole grains (low),"Transmitted through a GLP-1 target, beyond what 20% coverage offsets",2095.7612650826827,6382.388600360963,32.8366289850191
EGY,Whole grains (low),"Transmitted through a GLP-1 target, offset by 20% coverage",282.08713026175775,6382.388600360963,4.419773660378561
GBR,Fibre (low),Not transmitted through a GLP-1 target,3536.2828755036107,3536.2828755036107,100.0
GBR,Fruits (low),Not transmitted through a GLP-1 target,4715.856305638129,5326.801764463624,88.53072658154356
GBR,Fruits (low),"Transmitted through a GLP-1 target, beyond what 20% coverage offsets",346.9249431787889,5326.801764463624,6.512818732869104
GBR,Fruits (low),"Transmitted through a GLP-1 target, offset by 20% coverage",264.0205156467058,5326.801764463624,4.956454685587329
GBR,Legumes (low),Not transmitted through a GLP-1 target,6357.765425463302,6357.765425463302,100.0
GBR,Nuts & seeds (low),Not transmitted through a GLP-1 target,8198.306178500668,10196.898231966006,80.39999999999999
GBR,Nuts & seeds (low),"Transmitted through a GLP-1 target, beyond what 20% coverage offsets",1830.7103209742486,10196.898231966006,17.953599999999994
GBR,Nuts & seeds (low),"Transmitted through a GLP-1 target, offset by 20% coverage",167.88173249108831,10196.898231966006,1.6464
GBR,Omega-6 PUFA (low),Not transmitted through a GLP-1 target,5206.981484122012,5221.196227110492,99.72774930551984
GBR,Omega-6 PUFA (low),"Transmitted through a GLP-1 target, beyond what 20% coverage offsets",9.558306692296119,5221.196227110492,0.18306737147065366
GBR,Omega-6 PUFA (low),"Transmitted through a GLP-1 target, offset by 20% coverage",4.656436296183969,5221.196227110492,0.08918332300950367
GBR,Processed meat (high),Not transmitted through a GLP-1 target,4643.705299058844,5180.310632506691,89.64144485698166
GBR,Processed meat (high),"Transmitted through a GLP-1 target, beyond what 20% coverage offsets",348.3074851143088,5180.310632506691,6.723679520850798
GBR,Processed meat (high),"Transmitted through a GLP-1 target, offset by 20% coverage",188.29784833353906,5180.310632506691,3.634875622167545
GBR,Red meat (high),Not transmitted through a GLP-1 target,2940.192813174873,2940.192813174873,100.0
GBR,SSB (high),Not transmitted through a GLP-1 target,1205.375912912695,1352.770783735196,89.10422426366111
GBR,SSB (high),"Transmitted through a GLP-1 target, beyond what 20% coverage offsets",104.06077880068567,1352.770783735196,7.692417669855258
GBR,SSB (high),"Transmitted through a GLP-1 target, offset by 20% coverage",43.33409202181528,1352.770783735196,3.2033580664836343
GBR,Seafood omega-3 (low),Not transmitted through a GLP-1 target,2435.8751819257463,2435.8751819257463,100.0
GBR,Sodium (high),Not transmitted through a GLP-1 target,0.0,4573.06655571867,0.0
GBR,Sodium (high),"Transmitted through a GLP-1 target, beyond what 20% coverage offsets",912.450608327826,4573.06655571867,19.952707821118338
GBR,Sodium (high),"Transmitted through a GLP-1 target, offset by 20% coverage",3660.6159473908447,4573.06655571867,80.04729217888168
GBR,Trans fat (high),Not transmitted through a GLP-1 target,3695.564337416152,4347.722749901355,84.99999999999999
GBR,Trans fat (high),"Transmitted through a GLP-1 target, beyond what 20% coverage offsets",597.3771058364462,4347.722749901355,13.739999999999998
GBR,Trans fat (high),"Transmitted through a GLP-1 target, offset by 20% coverage",54.781306648757074,4347.722749901355,1.26
GBR,Vegetables (low),Not transmitted through a GLP-1 target,2726.9800900884497,3202.0648256716227,85.16317559300113
GBR,Vegetables (low),"Transmitted through a GLP-1 target, beyond what 20% coverage offsets",168.62199087616403,3202.0648256716227,5.266039260800914
GBR,Vegetables (low),"Transmitted through a GLP-1 target, offset by 20% coverage",306.46274470700877,3202.0648256716227,9.570785146197943
GBR,Whole grains (low),Not transmitted through a GLP-1 target,6185.3689037102995,9901.854870258843,62.466769961339665
GBR,Whole grains (low),"Transmitted through a GLP-1 target, beyond what 20% coverage offsets",3338.5359004682023,9901.854870258843,33.71626775197252
GBR,Whole grains (low),"Transmitted through a GLP-1 target, offset by 20% coverage",377.9500660803411,9901.854870258843,3.816962286687819
GLB,Fibre (low),Not transmitted through a GLP-1 target,427248.8921330974,427248.8921330974,100.0
GLB,Fruits (low),Not transmitted through a GLP-1 target,899531.4442225483,1002345.4505475805,89.74265745718056
GLB,Fruits (low),"Transmitted through a GLP-1 target, beyond what 20% coverage offsets",75343.98017307401,1002345.4505475805,7.516767810131094
GLB,Fruits (low),"Transmitted through a GLP-1 target, offset by 20% coverage",27470.026151958213,1002345.4505475805,2.740574732688352
GLB,Legumes (low),Not transmitted through a GLP-1 target,592882.3840516381,592882.3840516381,100.0
GLB,Nuts & seeds (low),Not transmitted through a GLP-1 target,710859.4180685354,884153.5050603674,80.39999999999999
GLB,Nuts & seeds (low),"Transmitted through a GLP-1 target, beyond what 20% coverage offsets",159083.97185850178,884153.5050603674,17.9928
GLB,Nuts & seeds (low),"Transmitted through a GLP-1 target, offset by 20% coverage",14210.115133330226,884153.5050603674,1.6072000000000002
GLB,Omega-6 PUFA (low),Not transmitted through a GLP-1 target,521629.8499651305,523179.4671085547,99.70380772930781
GLB,Omega-6 PUFA (low),"Transmitted through a GLP-1 target, beyond what 20% coverage offsets",1006.5284749421213,523179.4671085547,0.1923868458570979
GLB,Omega-6 PUFA (low),"Transmitted through a GLP-1 target, offset by 20% coverage",543.0886684820578,523179.4671085547,0.10380542483510197
GLB,Processed meat (high),Not transmitted through a GLP-1 target,121850.28294697868,139093.3052215064,87.60326944056138
GLB,Processed meat (high),"Transmitted through a GLP-1 target, beyond what 20% coverage offsets",7413.653848414904,139093.3052215064,5.3299861101212915
GLB,Processed meat (high),"Transmitted through a GLP-1 target, offset by 20% coverage",9829.368426112807,139093.3052215064,7.066744449317325
GLB,Red meat (high),Not transmitted through a GLP-1 target,181392.4859486271,181392.4859486271,99.99999999999999
GLB,SSB (high),Not transmitted through a GLP-1 target,67026.17760379172,74700.14819919772,89.72696737502802
GLB,SSB (high),"Transmitted through a GLP-1 target, beyond what 20% coverage offsets",3553.048385672981,74700.14819919772,4.756414105362031
GLB,SSB (high),"Transmitted through a GLP-1 target, offset by 20% coverage",4120.922209733026,74700.14819919772,5.516618519609957
GLB,Seafood omega-3 (low),Not transmitted through a GLP-1 target,521322.9808862202,521322.9808862202,100.0
GLB,Sodium (high),Not transmitted through a GLP-1 target,0.0,1286701.099134556,0.0
GLB,Sodium (high),"Transmitted through a GLP-1 target, beyond what 20% coverage offsets",824376.8723942937,1286701.099134556,64.06902682750292
GLB,Sodium (high),"Transmitted through a GLP-1 target, offset by 20% coverage",462324.2267402624,1286701.099134556,35.93097317249708
GLB,Trans fat (high),Not transmitted through a GLP-1 target,330488.9692058988,388810.5520069398,85.0
GLB,Trans fat (high),"Transmitted through a GLP-1 target, beyond what 20% coverage offsets",53539.21301135561,388810.5520069398,13.770000000000001
GLB,Trans fat (high),"Transmitted through a GLP-1 target, offset by 20% coverage",4782.369789685359,388810.5520069398,1.23
GLB,Vegetables (low),Not transmitted through a GLP-1 target,320457.04364905,375747.14503779734,85.28529035578286
GLB,Vegetables (low),"Transmitted through a GLP-1 target, beyond what 20% coverage offsets",21860.122077240878,375747.14503779734,5.817774630075211
GLB,Vegetables (low),"Transmitted through a GLP-1 target, offset by 20% coverage",33429.979311506446,375747.14503779734,8.896935014141928
GLB,Whole grains (low),Not transmitted through a GLP-1 target,567300.5146905382,896669.9356663498,63.267484737174264
GLB,Whole grains (low),"Transmitted through a GLP-1 target, beyond what 20% coverage offsets",292554.86644756026,896669.9356663498,32.626817830147445
GLB,Whole grains (low),"Transmitted through a GLP-1 target, offset by 20% coverage",36814.55452825138,896669.9356663498,4.105697432678288
IND,Fibre (low),Not transmitted through a GLP-1 target,68084.63240090726,68084.63240090726,100.0
IND,Fruits (low),Not transmitted through a GLP-1 target,292169.7321165584,326751.95781451446,89.41636771535822
IND,Fruits (low),"Transmitted through a GLP-1 target, beyond what 20% coverage offsets",23858.109905494308,326751.95781451446,7.3015966193652355
IND,Fruits (low),"Transmitted through a GLP-1 target, offset by 20% coverage",10724.115792461733,326751.95781451446,3.2820356652765446
IND,Legumes (low),Not transmitted through a GLP-1 target,61442.00264149479,61442.00264149479,100.0
IND,Nuts & seeds (low),Not transmitted through a GLP-1 target,153867.05275957,191376.93129299753,80.4
IND,Nuts & seeds (low),"Transmitted through a GLP-1 target, beyond what 20% coverage offsets",35371.81545702214,191376.93129299753,18.482799999999997
IND,Nuts & seeds (low),"Transmitted through a GLP-1 target, offset by 20% coverage",2138.063076405368,191376.93129299753,1.1171999999999997
IND,Omega-6 PUFA (low),Not transmitted through a GLP-1 target,140634.3389963723,141018.1480921967,99.72782999846696
IND,Omega-6 PUFA (low),"Transmitted through a GLP-1 target, beyond what 20% coverage offsets",314.410810396232,141018.1480921967,0.22295769349535946
IND,Omega-6 PUFA (low),"Transmitted through a GLP-1 target, offset by 20% coverage",69.39828542816429,141018.1480921967,0.04921230803768049
IND,Processed meat (high),Not transmitted through a GLP-1 target,4003.5312533422734,4725.2339629918,84.72662485493993
IND,Processed meat (high),"Transmitted through a GLP-1 target, beyond what 20% coverage offsets",281.36161900817996,4725.2339629918,5.954448419100814
IND,Processed meat (high),"Transmitted through a GLP-1 target, offset by 20% coverage",440.3410906413461,4725.2339629918,9.318926725959248
IND,SSB (high),Not transmitted through a GLP-1 target,7018.4417560236025,7518.974383582935,93.34307311044702
IND,SSB (high),"Transmitted through a GLP-1 target, beyond what 20% coverage offsets",206.71997518200436,7518.974383582935,2.749310805385379
IND,SSB (high),"Transmitted through a GLP-1 target, offset by 20% coverage",293.8126523773282,7518.974383582935,3.9076160841675973
IND,Seafood omega-3 (low),Not transmitted through a GLP-1 target,127718.94034830804,127718.94034830804,100.0
IND,Sodium (high),Not transmitted through a GLP-1 target,0.0,134204.63774711807,0.0
IND,Sodium (high),"Transmitted through a GLP-1 target, beyond what 20% coverage offsets",66726.83914332073,134204.63774711807,49.720218513650906
IND,Sodium (high),"Transmitted through a GLP-1 target, offset by 20% coverage",67477.79860379733,134204.63774711807,50.27978148634909
IND,Trans fat (high),Not transmitted through a GLP-1 target,110899.47462043456,130469.97014168772,84.99999999999999
IND,Trans fat (high),"Transmitted through a GLP-1 target, beyond what 20% coverage offsets",18454.97727654173,130469.97014168772,14.145000000000001
IND,Trans fat (high),"Transmitted through a GLP-1 target, offset by 20% coverage",1115.5182447114303,130469.97014168772,0.8550000000000002
IND,Vegetables (low),Not transmitted through a GLP-1 target,62464.10230852193,73376.84534517104,85.12781111627977
IND,Vegetables (low),"Transmitted through a GLP-1 target, beyond what 20% coverage offsets",4477.85045798505,73376.84534517104,6.10253880079043
IND,Vegetables (low),"Transmitted through a GLP-1 target, offset by 20% coverage",6434.892578664067,73376.84534517104,8.769650082929806
IND,Whole grains (low),Not transmitted through a GLP-1 target,92921.82524801623,147462.40788258574,63.01390746447294
IND,Whole grains (low),"Transmitted through a GLP-1 target, beyond what 20% coverage offsets",50651.530106520055,147462.40788258574,34.34877460216872
IND,Whole grains (low),"Transmitted through a GLP-1 target, offset by 20% coverage",3889.052528049451,147462.40788258574,2.6373179333583368
ISR,Fibre (low),Not transmitted through a GLP-1 target,66.58054792397996,66.58054792397996,100.0
ISR,Fruits (low),Not transmitted through a GLP-1 target,98.2083536715935,107.91948342932196,91.00150459477652
ISR,Fruits (low),"Transmitted through a GLP-1 target, beyond what 20% coverage offsets",4.763657442750004,107.91948342932196,4.414084733707786
ISR,Fruits (low),"Transmitted through a GLP-1 target, offset by 20% coverage",4.947472314978453,107.91948342932196,4.5844106715157
ISR,Legumes (low),Not transmitted through a GLP-1 target,252.823730891636,252.823730891636,100.0
ISR,Nuts & seeds (low),Not transmitted through a GLP-1 target,64.11017071710135,79.73901830485244,80.39999999999999
ISR,Nuts & seeds (low),"Transmitted through a GLP-1 target, beyond what 20% coverage offsets",13.237633906825161,79.73901830485244,16.6012
ISR,Nuts & seeds (low),"Transmitted through a GLP-1 target, offset by 20% coverage",2.391213680925915,79.73901830485244,2.9987999999999997
ISR,Omega-6 PUFA (low),Not transmitted through a GLP-1 target,150.17015191114044,150.62630728052548,99.69716088934219
ISR,Omega-6 PUFA (low),"Transmitted through a GLP-1 target, beyond what 20% coverage offsets",0.2548980334042804,150.62630728052548,0.16922544142940443
ISR,Omega-6 PUFA (low),"Transmitted through a GLP-1 target, offset by 20% coverage",0.20125733598076878,150.62630728052548,0.13361366922840934
ISR,Processed meat (high),Not transmitted through a GLP-1 target,61.26024270192606,73.34559817873036,83.52272559376446
ISR,Processed meat (high),"Transmitted through a GLP-1 target, beyond what 20% coverage offsets",6.4671427426157395,73.34559817873036,8.81735632840085
ISR,Processed meat (high),"Transmitted through a GLP-1 target, offset by 20% coverage",5.618212734188553,73.34559817873036,7.659918077834684
ISR,Red meat (high),Not transmitted through a GLP-1 target,153.50313334460253,153.50313334460253,100.0
ISR,SSB (high),Not transmitted through a GLP-1 target,80.30033057081715,93.04787706237252,86.300013612336
ISR,SSB (high),"Transmitted through a GLP-1 target, beyond what 20% coverage offsets",7.189616221237225,93.04787706237252,7.726792322642493
ISR,SSB (high),"Transmitted through a GLP-1 target, offset by 20% coverage",5.5579302703181375,93.04787706237252,5.9731940650215005
ISR,Seafood omega-3 (low),Not transmitted through a GLP-1 target,66.14297897309183,66.14297897309183,100.0
ISR,Sodium (high),Not transmitted through a GLP-1 target,0.0,300.6968719221039,0.0
ISR,Sodium (high),"Transmitted through a GLP-1 target, beyond what 20% coverage offsets",65.40287837931145,300.6968719221039,21.75043523440915
ISR,Sodium (high),"Transmitted through a GLP-1 target, offset by 20% coverage",235.2939935427925,300.6968719221039,78.24956476559085
ISR,Trans fat (high),Not transmitted through a GLP-1 target,135.49437940918193,159.40515224609638,85.0
ISR,Trans fat (high),"Transmitted through a GLP-1 target, beyond what 20% coverage offsets",20.252424592866547,159.40515224609638,12.705
ISR,Trans fat (high),"Transmitted through a GLP-1 target, offset by 20% coverage",3.658348244047912,159.40515224609638,2.295
ISR,Vegetables (low),Not transmitted through a GLP-1 target,67.8384096429738,79.5789961957397,85.24662647931912
ISR,Vegetables (low),"Transmitted through a GLP-1 target, beyond what 20% coverage offsets",3.750839061950634,79.5789961957397,4.7133530721155745
ISR,Vegetables (low),"Transmitted through a GLP-1 target, offset by 20% coverage",7.989747490815267,79.5789961957397,10.040020448565299
ISR,Whole grains (low),Not transmitted through a GLP-1 target,257.747890326637,412.4186086497527,62.496668414283384
ISR,Whole grains (low),"Transmitted through a GLP-1 target, beyond what 20% coverage offsets",128.3949375937074,412.4186086497527,31.13218824292845
ISR,Whole grains (low),"Transmitted through a GLP-1 target, offset by 20% coverage",26.27578072940829,412.4186086497527,6.371143342788164
JPN,Fibre (low),Not transmitted through a GLP-1 target,14121.644269780043,14121.644269780043,100.0
JPN,Fruits (low),Not transmitted through a GLP-1 target,12079.63367312061,13524.014473860556,89.31988128575529
JPN,Fruits (low),"Transmitted through a GLP-1 target, beyond what 20% coverage offsets",1091.3197683383423,13524.014473860556,8.06949571406969
JPN,Fruits (low),"Transmitted through a GLP-1 target, offset by 20% coverage",353.0610324016042,13524.014473860556,2.6106230001750337
JPN,Legumes (low),Not transmitted through a GLP-1 target,4527.287367460769,4527.287367460769,100.0
JPN,Nuts & seeds (low),Not transmitted through a GLP-1 target,11483.958665909062,14283.53067899137,80.4
JPN,Nuts & seeds (low),"Transmitted through a GLP-1 target, beyond what 20% coverage offsets",2564.407963983395,14283.53067899137,17.9536
JPN,Nuts & seeds (low),"Transmitted through a GLP-1 target, offset by 20% coverage",235.16404909891395,14283.53067899137,1.6464000000000003
JPN,Omega-6 PUFA (low),Not transmitted through a GLP-1 target,6597.537165043869,6622.029049675737,99.63014531576138
JPN,Omega-6 PUFA (low),"Transmitted through a GLP-1 target, beyond what 20% coverage offsets",12.110909906172713,6622.029049675737,0.18288820262372227
JPN,Omega-6 PUFA (low),"Transmitted through a GLP-1 target, offset by 20% coverage",12.380974725694893,6622.029049675737,0.1869664816148935
JPN,Processed meat (high),Not transmitted through a GLP-1 target,3325.802563754952,4605.404545344419,72.21520999967288
JPN,Processed meat (high),"Transmitted through a GLP-1 target, beyond what 20% coverage offsets",796.1991224150687,4605.404545344419,17.288364454756586
JPN,Processed meat (high),"Transmitted through a GLP-1 target, offset by 20% coverage",483.4028591743974,4605.404545344419,10.496425545570519
JPN,Red meat (high),Not transmitted through a GLP-1 target,1739.7098192322703,1739.7098192322703,100.0
JPN,SSB (high),Not transmitted through a GLP-1 target,1005.9397252019476,1401.0577200240477,71.79859265074973
JPN,SSB (high),"Transmitted through a GLP-1 target, beyond what 20% coverage offsets",252.48039869132202,1401.0577200240477,18.02069929617093
JPN,SSB (high),"Transmitted through a GLP-1 target, offset by 20% coverage",142.63759613077815,1401.0577200240477,10.18070805307935
JPN,Seafood omega-3 (low),Not transmitted through a GLP-1 target,590.132548099325,590.132548099325,100.0
JPN,Sodium (high),Not transmitted through a GLP-1 target,0.0,23461.198509449612,0.0
JPN,Sodium (high),"Transmitted through a GLP-1 target, beyond what 20% coverage offsets",14629.743699143179,23461.198509449612,62.3571881600621
JPN,Sodium (high),"Transmitted through a GLP-1 target, offset by 20% coverage",8831.454810306434,23461.198509449612,37.642811839937906
JPN,Trans fat (high),Not transmitted through a GLP-1 target,3727.2668375585713,4385.019808892437,84.99999999999999
JPN,Trans fat (high),"Transmitted through a GLP-1 target, beyond what 20% coverage offsets",602.5017217418208,4385.019808892437,13.739999999999998
JPN,Trans fat (high),"Transmitted through a GLP-1 target, offset by 20% coverage",55.25124959204471,4385.019808892437,1.26
JPN,Vegetables (low),Not transmitted through a GLP-1 target,3090.546201021175,3639.4628564628647,84.91764644700419
JPN,Vegetables (low),"Transmitted through a GLP-1 target, beyond what 20% coverage offsets",239.58465425144803,3639.4628564628647,6.582967424052694
JPN,Vegetables (low),"Transmitted through a GLP-1 target, offset by 20% coverage",309.33200119024144,3639.4628564628647,8.49938612894311
JPN,Whole grains (low),Not transmitted through a GLP-1 target,11161.07342024008,17592.186046691673,63.44335712808696
JPN,Whole grains (low),"Transmitted through a GLP-1 target, beyond what 20% coverage offsets",5656.028291782188,17592.186046691673,32.1507985236766
JPN,Whole grains (low),"Transmitted through a GLP-1 target, offset by 20% coverage",775.0843346694041,17592.186046691673,4.405844348236437
MEX,Fibre (low),Not transmitted through a GLP-1 target,444.7646439882084,444.7646439882084,100.00000000000001
MEX,Fruits (low),Not transmitted through a GLP-1 target,4549.199188371674,5119.824910545707,88.85458522226668
MEX,Fruits (low),"Transmitted through a GLP-1 target, beyond what 20% coverage offsets",361.09753614446595,5119.824910545707,7.052927442903074
MEX,Fruits (low),"Transmitted through a GLP-1 target, offset by 20% coverage",209.52818602956748,5119.824910545707,4.092487334830254
MEX,Legumes (low),Not transmitted through a GLP-1 target,5389.438416984252,5389.438416984252,100.0
MEX,Nuts & seeds (low),Not transmitted through a GLP-1 target,12344.268446332013,15353.567719318424,80.4
MEX,Nuts & seeds (low),"Transmitted through a GLP-1 target, beyond what 20% coverage offsets",2527.8113893085847,15353.567719318424,16.463999999999995
MEX,Nuts & seeds (low),"Transmitted through a GLP-1 target, offset by 20% coverage",481.48788367782566,15353.567719318424,3.1359999999999992
MEX,Omega-6 PUFA (low),Not transmitted through a GLP-1 target,8019.628891553777,8038.355325561181,99.76703649877412
MEX,Omega-6 PUFA (low),"Transmitted through a GLP-1 target, beyond what 20% coverage offsets",13.499976490791932,8038.355325561181,0.1679445103386178
MEX,Omega-6 PUFA (low),"Transmitted through a GLP-1 target, offset by 20% coverage",5.226457516612494,8038.355325561181,0.06501899088726361
MEX,Processed meat (high),Not transmitted through a GLP-1 target,787.2211597231064,845.8919014773059,93.06403789281656
MEX,Processed meat (high),"Transmitted through a GLP-1 target, beyond what 20% coverage offsets",29.061994373425524,845.8919014773059,3.4356629165819266
MEX,Processed meat (high),"Transmitted through a GLP-1 target, offset by 20% coverage",29.608747380773835,845.8919014773059,3.500299190601507
MEX,Red meat (high),Not transmitted through a GLP-1 target,4791.982568436414,4791.982568436414,100.0
MEX,SSB (high),Not transmitted through a GLP-1 target,4361.611645503513,4538.183215266472,96.10920138329868
MEX,SSB (high),"Transmitted through a GLP-1 target, beyond what 20% coverage offsets",101.17550947417553,4538.183215266472,2.229427607369852
MEX,SSB (high),"Transmitted through a GLP-1 target, offset by 20% coverage",75.39606028878352,4538.183215266472,1.6613710093314606
MEX,Seafood omega-3 (low),Not transmitted through a GLP-1 target,7576.542431997288,7576.542431997288,100.0
MEX,Sodium (high),Not transmitted through a GLP-1 target,0.0,8394.921521760203,0.0
MEX,Sodium (high),"Transmitted through a GLP-1 target, beyond what 20% coverage offsets",3778.1303101478625,8394.921521760203,45.004950914129374
MEX,Sodium (high),"Transmitted through a GLP-1 target, offset by 20% coverage",4616.79121161234,8394.921521760203,54.99504908587061
MEX,Trans fat (high),Not transmitted through a GLP-1 target,8721.006466276098,10260.007607383644,85.0
MEX,Trans fat (high),"Transmitted through a GLP-1 target, beyond what 20% coverage offsets",1292.7609585303392,10260.007607383644,12.6
MEX,Trans fat (high),"Transmitted through a GLP-1 target, offset by 20% coverage",246.24018257720746,10260.007607383644,2.4
MEX,Vegetables (low),Not transmitted through a GLP-1 target,4746.918417263737,5563.275641629382,85.32596123303807
MEX,Vegetables (low),"Transmitted through a GLP-1 target, beyond what 20% coverage offsets",295.8935770380235,5563.275641629382,5.318693447865216
MEX,Vegetables (low),"Transmitted through a GLP-1 target, offset by 20% coverage",520.4636473276221,5563.275641629382,9.355345319096713
MEX,Whole grains (low),Not transmitted through a GLP-1 target,688.2673805812478,1107.0859409158186,62.169281999181564
MEX,Whole grains (low),"Transmitted through a GLP-1 target, beyond what 20% coverage offsets",347.1395887226872,1107.0859409158186,31.3561554612031
MEX,Whole grains (low),"Transmitted through a GLP-1 target, offset by 20% coverage",71.67897161188355,1107.0859409158186,6.474562539615335
NGA,Fibre (low),Not transmitted through a GLP-1 target,105.41336560196487,105.41336560196487,100.0
NGA,Fruits (low),Not transmitted through a GLP-1 target,11060.634468843124,12309.313596291102,89.85581837947312
NGA,Fruits (low),"Transmitted through a GLP-1 target, beyond what 20% coverage offsets",526.8963040979519,12309.313596291102,4.280468605956306
NGA,Fruits (low),"Transmitted through a GLP-1 target, offset by 20% coverage",721.7828233500256,12309.313596291102,5.863713014570567
NGA,Legumes (low),Not transmitted through a GLP-1 target,5171.912553533708,5171.912553533708,100.0
NGA,Nuts & seeds (low),Not transmitted through a GLP-1 target,1297.6476326136228,1613.9895928030135,80.4
NGA,Nuts & seeds (low),"Transmitted through a GLP-1 target, beyond what 20% coverage offsets",255.28796187283822,1613.9895928030135,15.8172
NGA,Nuts & seeds (low),"Transmitted through a GLP-1 target, offset by 20% coverage",61.053998316552395,1613.9895928030135,3.7828000000000004
NGA,Omega-6 PUFA (low),Not transmitted through a GLP-1 target,9028.395729164513,9058.02661986171,99.67287697485648
NGA,Omega-6 PUFA (low),"Transmitted through a GLP-1 target, beyond what 20% coverage offsets",14.670260252120599,9058.02661986171,0.16195867894617175
NGA,Omega-6 PUFA (low),"Transmitted through a GLP-1 target, offset by 20% coverage",14.960630445075964,9058.02661986171,0.1651643461973439
NGA,Processed meat (high),Not transmitted through a GLP-1 target,797.7393153843592,975.7064562252478,81.76017595195621
NGA,Processed meat (high),"Transmitted through a GLP-1 target, beyond what 20% coverage offsets",76.40064455875311,975.7064562252478,7.830289947483504
NGA,Processed meat (high),"Transmitted through a GLP-1 target, offset by 20% coverage",101.5664962821355,975.7064562252478,10.409534100560286
NGA,SSB (high),Not transmitted through a GLP-1 target,274.7639178798561,324.1604476761561,84.76170360992089
NGA,SSB (high),"Transmitted through a GLP-1 target, beyond what 20% coverage offsets",22.080248818946107,324.1604476761561,6.811518486365368
NGA,SSB (high),"Transmitted through a GLP-1 target, offset by 20% coverage",27.316280977353916,324.1604476761561,8.426777903713758
NGA,Seafood omega-3 (low),Not transmitted through a GLP-1 target,7792.589220934187,7792.589220934187,100.0
NGA,Sodium (high),Not transmitted through a GLP-1 target,0.0,4946.355281780567,0.0
NGA,Sodium (high),"Transmitted through a GLP-1 target, beyond what 20% coverage offsets",423.3344665428715,4946.355281780567,8.558513135968703
NGA,Sodium (high),"Transmitted through a GLP-1 target, offset by 20% coverage",4523.020815237695,4946.355281780567,91.4414868640313
NGA,Trans fat (high),Not transmitted through a GLP-1 target,2709.967265053804,3188.1967824162402,85.0
NGA,Trans fat (high),"Transmitted through a GLP-1 target, beyond what 20% coverage offsets",385.93122051148583,3188.1967824162402,12.104999999999997
NGA,Trans fat (high),"Transmitted through a GLP-1 target, offset by 20% coverage",92.29829685095015,3188.1967824162402,2.895
NGA,Vegetables (low),Not transmitted through a GLP-1 target,4977.8621801818945,5869.049599948537,84.8154730235291
NGA,Vegetables (low),"Transmitted through a GLP-1 target, beyond what 20% coverage offsets",214.74358962516615,5869.049599948537,3.6589159107983877
NGA,Vegetables (low),"Transmitted through a GLP-1 target, offset by 20% coverage",676.4438301414771,5869.049599948537,11.525611065672514
NGA,Whole grains (low),Not transmitted through a GLP-1 target,1666.936264113642,2617.169589438447,63.69232895111349
NGA,Whole grains (low),"Transmitted through a GLP-1 target, beyond what 20% coverage offsets",732.3690808467626,2617.169589438447,27.983248919069982
NGA,Whole grains (low),"Transmitted through a GLP-1 target, offset by 20% coverage",217.8642444780424,2617.169589438447,8.324422129816526
NZL,Fibre (low),Not transmitted through a GLP-1 target,238.50448557801366,238.50448557801366,100.0
NZL,Fruits (low),Not transmitted through a GLP-1 target,257.0953077277908,290.6117123588617,88.46694637355729
NZL,Fruits (low),"Transmitted through a GLP-1 target, beyond what 20% coverage offsets",17.525161226360428,290.6117123588617,6.030438719799253
NZL,Fruits (low),"Transmitted through a GLP-1 target, offset by 20% coverage",15.991243404710497,290.6117123588617,5.502614906643445
NZL,Legumes (low),Not transmitted through a GLP-1 target,421.91726664243424,421.91726664243424,100.0
NZL,Nuts & seeds (low),Not transmitted through a GLP-1 target,250.27672665743765,311.2894610167135,80.39999999999999
NZL,Nuts & seeds (low),"Transmitted through a GLP-1 target, beyond what 20% coverage offsets",54.72842272027043,311.2894610167135,17.581199999999995
NZL,Nuts & seeds (low),"Transmitted through a GLP-1 target, offset by 20% coverage",6.284311639005411,311.2894610167135,2.0187999999999997
NZL,Omega-6 PUFA (low),Not transmitted through a GLP-1 target,404.85853832181925,405.9580321391875,99.72916071851702
NZL,Omega-6 PUFA (low),"Transmitted through a GLP-1 target, beyond what 20% coverage offsets",0.7277717612718876,405.9580321391875,0.17927265964831618
NZL,Omega-6 PUFA (low),"Transmitted through a GLP-1 target, offset by 20% coverage",0.37172205609635245,405.9580321391875,0.09156662183466865
NZL,Processed meat (high),Not transmitted through a GLP-1 target,136.07311017847283,154.48098203628356,88.0840530561314
NZL,Processed meat (high),"Transmitted through a GLP-1 target, beyond what 20% coverage offsets",9.317267610589893,154.48098203628356,6.031336341713253
NZL,Processed meat (high),"Transmitted through a GLP-1 target, offset by 20% coverage",9.09060424722083,154.48098203628356,5.884610602155341
NZL,Red meat (high),Not transmitted through a GLP-1 target,285.60274638324904,285.60274638324904,100.0
NZL,SSB (high),Not transmitted through a GLP-1 target,56.196062821693474,63.38118169739135,88.66364008483988
NZL,SSB (high),"Transmitted through a GLP-1 target, beyond what 20% coverage offsets",3.930260025006736,63.38118169739135,6.200988873592583
NZL,SSB (high),"Transmitted through a GLP-1 target, offset by 20% coverage",3.2548588506911362,63.38118169739135,5.135371041567533
NZL,Seafood omega-3 (low),Not transmitted through a GLP-1 target,205.86740597566904,205.86740597566904,99.99999999999999
NZL,Sodium (high),Not transmitted through a GLP-1 target,0.0,268.2806368376677,0.0
NZL,Sodium (high),"Transmitted through a GLP-1 target, beyond what 20% coverage offsets",41.897241564312374,268.2806368376677,15.61694576924078
NZL,Sodium (high),"Transmitted through a GLP-1 target, offset by 20% coverage",226.38339527335535,268.2806368376677,84.38305423075921
NZL,Trans fat (high),Not transmitted through a GLP-1 target,329.83033627025304,388.0356897297095,85.0
NZL,Trans fat (high),"Transmitted through a GLP-1 target, beyond what 20% coverage offsets",52.210202053132406,388.0356897297095,13.455
NZL,Trans fat (high),"Transmitted through a GLP-1 target, offset by 20% coverage",5.995151406324011,388.0356897297095,1.545
NZL,Vegetables (low),Not transmitted through a GLP-1 target,173.85672727838968,204.18832883175403,85.14528145320352
NZL,Vegetables (low),"Transmitted through a GLP-1 target, beyond what 20% coverage offsets",9.299584554408279,204.18832883175403,4.554415331970761
NZL,Vegetables (low),"Transmitted through a GLP-1 target, offset by 20% coverage",21.03201699895608,204.18832883175403,10.300303214825725
NZL,Whole grains (low),Not transmitted through a GLP-1 target,403.33480228444085,645.7698280061794,62.4579818988665
NZL,Whole grains (low),"Transmitted through a GLP-1 target, beyond what 20% coverage offsets",213.3023456871036,645.7698280061794,33.03070791425432
NZL,Whole grains (low),"Transmitted through a GLP-1 target, offset by 20% coverage",29.132680034634966,645.7698280061794,4.511310186879185
ROU,Fibre (low),Not transmitted through a GLP-1 target,623.971512629981,623.971512629981,100.0
ROU,Fruits (low),Not transmitted through a GLP-1 target,2061.167641991257,2302.8513043517246,89.50502527437376
ROU,Fruits (low),"Transmitted through a GLP-1 target, beyond what 20% coverage offsets",193.44679294517158,2302.8513043517246,8.400316276592108
ROU,Fruits (low),"Transmitted through a GLP-1 target, offset by 20% coverage",48.23686941529588,2302.8513043517246,2.094658449034122
ROU,Legumes (low),Not transmitted through a GLP-1 target,4812.410555646092,4812.410555646092,100.0
ROU,Nuts & seeds (low),Not transmitted through a GLP-1 target,5726.1003579260805,7122.015370554826,80.4
ROU,Nuts & seeds (low),"Transmitted through a GLP-1 target, beyond what 20% coverage offsets",1238.1766162016977,7122.015370554826,17.3852
ROU,Nuts & seeds (low),"Transmitted through a GLP-1 target, offset by 20% coverage",157.7383964270483,7122.015370554826,2.2148
ROU,Omega-6 PUFA (low),Not transmitted through a GLP-1 target,3659.3468878516073,3671.561994752067,99.66730489862572
ROU,Omega-6 PUFA (low),"Transmitted through a GLP-1 target, beyond what 20% coverage offsets",6.504690760569892,3671.561994752067,0.17716412714445093
ROU,Omega-6 PUFA (low),"Transmitted through a GLP-1 target, offset by 20% coverage",5.710416139890183,3671.561994752067,0.15553097422983309
ROU,Processed meat (high),Not transmitted through a GLP-1 target,1489.7843294087556,1964.7247244910134,75.82661890686508
ROU,Processed meat (high),"Transmitted through a GLP-1 target, beyond what 20% coverage offsets",320.0848796917111,1964.7247244910134,16.291589132143336
ROU,Processed meat (high),"Transmitted through a GLP-1 target, offset by 20% coverage",154.8555153905467,1964.7247244910134,7.881791960991583
ROU,Red meat (high),Not transmitted through a GLP-1 target,1575.8590793881954,1575.8590793881954,99.99999999999999
ROU,SSB (high),Not transmitted through a GLP-1 target,867.8011349871831,1145.761204373633,75.7401395399484
ROU,SSB (high),"Transmitted through a GLP-1 target, beyond what 20% coverage offsets",193.46020829296913,1145.761204373633,16.884862880195904
ROU,SSB (high),"Transmitted through a GLP-1 target, offset by 20% coverage",84.49986109348077,1145.761204373633,7.374997579855684
ROU,Seafood omega-3 (low),Not transmitted through a GLP-1 target,4210.371249996541,4210.371249996541,100.0
ROU,Sodium (high),Not transmitted through a GLP-1 target,0.0,15007.946596826365,0.0
ROU,Sodium (high),"Transmitted through a GLP-1 target, beyond what 20% coverage offsets",12086.882519640945,15007.946596826365,80.53655069772758
ROU,Sodium (high),"Transmitted through a GLP-1 target, offset by 20% coverage",2921.0640771854196,15007.946596826365,19.463449302272426
ROU,Trans fat (high),Not transmitted through a GLP-1 target,2002.80064816334,2356.236056662753,84.99999999999999
ROU,Trans fat (high),"Transmitted through a GLP-1 target, beyond what 20% coverage offsets",313.4972073389793,2356.236056662753,13.305000000000001
ROU,Trans fat (high),"Transmitted through a GLP-1 target, offset by 20% coverage",39.938201160433664,2356.236056662753,1.695
ROU,Vegetables (low),Not transmitted through a GLP-1 target,563.6436681529319,662.9341275890633,85.02257535040056
ROU,Vegetables (low),"Transmitted through a GLP-1 target, beyond what 20% coverage offsets",47.076418887028694,662.9341275890633,7.1012212115605875
ROU,Vegetables (low),"Transmitted through a GLP-1 target, offset by 20% coverage",52.21404054910275,662.9341275890633,7.876203438038862
ROU,Whole grains (low),Not transmitted through a GLP-1 target,2310.10677695696,3645.468110081394,63.36927678967904
ROU,Whole grains (low),"Transmitted through a GLP-1 target, beyond what 20% coverage offsets",1139.1327801532184,3645.468110081394,31.247915103220706
ROU,Whole grains (low),"Transmitted through a GLP-1 target, offset by 20% coverage",196.22855297121563,3645.468110081394,5.382808107100253
TUR,Fibre (low),Not transmitted through a GLP-1 target,209.07935649219795,209.07935649219795,100.0
TUR,Fruits (low),Not transmitted through a GLP-1 target,1202.9882975585385,1327.2546937744326,90.63733608939015
TUR,Fruits (low),"Transmitted through a GLP-1 target, beyond what 20% coverage offsets",52.40069406649964,1327.2546937744326,3.9480511398669917
TUR,Fruits (low),"Transmitted through a GLP-1 target, offset by 20% coverage",71.86570214939448,1327.2546937744326,5.4146127707428615
TUR,Legumes (low),Not transmitted through a GLP-1 target,3144.2538923248967,3144.2538923248967,100.0
TUR,Nuts & seeds (low),Not transmitted through a GLP-1 target,2706.974826636554,3366.8841127320325,80.4
TUR,Nuts & seeds (low),"Transmitted through a GLP-1 target, beyond what 20% coverage offsets",536.5062495956239,3366.8841127320325,15.9348
TUR,Nuts & seeds (low),"Transmitted through a GLP-1 target, offset by 20% coverage",123.40303649985445,3366.8841127320325,3.6651999999999996
TUR,Omega-6 PUFA (low),Not transmitted through a GLP-1 target,9086.084709098586,9110.48264144232,99.73219934328449
TUR,Omega-6 PUFA (low),"Transmitted through a GLP-1 target, beyond what 20% coverage offsets",14.803580898791882,9110.48264144232,0.16248953520258572
TUR,Omega-6 PUFA (low),"Transmitted through a GLP-1 target, offset by 20% coverage",9.594351444942484,9110.48264144232,0.10531112151291647
TUR,Processed meat (high),Not transmitted through a GLP-1 target,376.5721559889194,432.3065441801104,87.10766955959599
TUR,Processed meat (high),"Transmitted through a GLP-1 target, beyond what 20% coverage offsets",3.5312827747055637,432.3065441801104,0.8168469393408807
TUR,Processed meat (high),"Transmitted through a GLP-1 target, offset by 20% coverage",52.2031054164854,432.3065441801104,12.075483501063124
TUR,Red meat (high),Not transmitted through a GLP-1 target,986.447311143704,986.447311143704,100.0
TUR,SSB (high),Not transmitted through a GLP-1 target,1424.9990831419811,1541.5533908794878,92.43916503787067
TUR,SSB (high),"Transmitted through a GLP-1 target, beyond what 20% coverage offsets",7.925692926150441,1541.5533908794878,0.5141367774247942
TUR,SSB (high),"Transmitted through a GLP-1 target, offset by 20% coverage",108.62861481135613,1541.5533908794878,7.046698184704539
TUR,Seafood omega-3 (low),Not transmitted through a GLP-1 target,7682.887013270184,7682.887013270184,100.0
TUR,Sodium (high),Not transmitted through a GLP-1 target,0.0,6106.2177729976875,0.0
TUR,Sodium (high),"Transmitted through a GLP-1 target, beyond what 20% coverage offsets",1331.909656041219,6106.2177729976875,21.81235104209775
TUR,Sodium (high),"Transmitted through a GLP-1 target, offset by 20% coverage",4774.308116956468,6106.2177729976875,78.18764895790225
TUR,Trans fat (high),Not transmitted through a GLP-1 target,1.970582837251548e-11,2.3183327497077037e-11,84.99999999999999
TUR,Trans fat (high),"Transmitted through a GLP-1 target, beyond what 20% coverage offsets",2.8272067882685443e-12,2.3183327497077037e-11,12.194999999999999
TUR,Trans fat (high),"Transmitted through a GLP-1 target, offset by 20% coverage",6.502923362930108e-13,2.3183327497077037e-11,2.8049999999999997
TUR,Vegetables (low),Not transmitted through a GLP-1 target,373.5117386269336,438.1844350619264,85.24075908222231
TUR,Vegetables (low),"Transmitted through a GLP-1 target, beyond what 20% coverage offsets",18.660832639019553,438.1844350619264,4.2586708120707915
TUR,Vegetables (low),"Transmitted through a GLP-1 target, offset by 20% coverage",46.01186379597325,438.1844350619264,10.500570105706887
TUR,Whole grains (low),Not transmitted through a GLP-1 target,4170.3358949505355,6664.587812970607,62.574550924728406
TUR,Whole grains (low),"Transmitted through a GLP-1 target, beyond what 20% coverage offsets",1984.1599350639085,6664.587812970607,29.771682671842672
TUR,Whole grains (low),"Transmitted through a GLP-1 target, offset by 20% coverage",510.0919829561633,6664.587812970607,7.65376640342893
USA,Fibre (low),Not transmitted through a GLP-1 target,17858.320323923355,17858.320323923355,100.0
USA,Fruits (low),Not transmitted through a GLP-1 target,19421.546607793534,21891.25664901297,88.71828108903567
USA,Fruits (low),"Transmitted through a GLP-1 target, beyond what 20% coverage offsets",1471.8399468109596,21891.25664901297,6.723414605242965
USA,Fruits (low),"Transmitted through a GLP-1 target, offset by 20% coverage",997.8700944084758,21891.25664901297,4.5583043057213795
USA,Legumes (low),Not transmitted through a GLP-1 target,33974.2845970583,33974.2845970583,100.0
USA,Nuts & seeds (low),Not transmitted through a GLP-1 target,10376.708147198324,12906.353416913338,80.4
USA,Nuts & seeds (low),"Transmitted through a GLP-1 target, beyond what 20% coverage offsets",2213.4396110006373,12906.353416913338,17.15
USA,Nuts & seeds (low),"Transmitted through a GLP-1 target, offset by 20% coverage",316.2056587143768,12906.353416913338,2.45
USA,Omega-6 PUFA (low),Not transmitted through a GLP-1 target,542.7406332907498,546.059837028807,99.39215384231194
USA,Omega-6 PUFA (low),"Transmitted through a GLP-1 target, beyond what 20% coverage offsets",0.9516995072733587,546.059837028807,0.1742848389018496
USA,Omega-6 PUFA (low),"Transmitted through a GLP-1 target, offset by 20% coverage",2.367504230783843,546.059837028807,0.433561318786195
USA,Processed meat (high),Not transmitted through a GLP-1 target,32605.21983227323,35011.072424457714,93.12830934449232
USA,Processed meat (high),"Transmitted through a GLP-1 target, beyond what 20% coverage offsets",1525.1558824667734,35011.072424457714,4.356210126832173
USA,Processed meat (high),"Transmitted through a GLP-1 target, offset by 20% coverage",880.6967097177114,35011.072424457714,2.5154805286755013
USA,Red meat (high),Not transmitted through a GLP-1 target,20493.206270129023,20493.206270129023,100.0
USA,SSB (high),Not transmitted through a GLP-1 target,11777.004885776549,12605.425520549003,93.42806291289423
USA,SSB (high),"Transmitted through a GLP-1 target, beyond what 20% coverage offsets",597.2912776709392,12605.425520549003,4.7383666398032505
USA,SSB (high),"Transmitted through a GLP-1 target, offset by 20% coverage",231.12935710151464,12605.425520549003,1.8335704473025065
USA,Seafood omega-3 (low),Not transmitted through a GLP-1 target,24873.76402747117,24873.76402747117,100.0
USA,Sodium (high),Not transmitted through a GLP-1 target,0.0,26422.23636883007,0.0
USA,Sodium (high),"Transmitted through a GLP-1 target, beyond what 20% coverage offsets",8079.167128671291,26422.23636883007,30.57715106281529
USA,Sodium (high),"Transmitted through a GLP-1 target, offset by 20% coverage",18343.069240158777,26422.23636883007,69.42284893718471
USA,Trans fat (high),Not transmitted through a GLP-1 target,8.475897955403242e-11,9.971644653415578e-11,85.00000000000001
USA,Trans fat (high),"Transmitted through a GLP-1 target, beyond what 20% coverage offsets",1.3087783607607947e-11,9.971644653415578e-11,13.125
USA,Trans fat (high),"Transmitted through a GLP-1 target, offset by 20% coverage",1.869683372515421e-12,9.971644653415578e-11,1.8750000000000002
USA,Vegetables (low),Not transmitted through a GLP-1 target,12949.431921558575,15200.223500888722,85.1923783936562
USA,Vegetables (low),"Transmitted through a GLP-1 target, beyond what 20% coverage offsets",867.5733660145138,15200.223500888722,5.707635588146377
USA,Vegetables (low),"Transmitted through a GLP-1 target, offset by 20% coverage",1383.2182133156325,15200.223500888722,9.099986018197423
USA,Whole grains (low),Not transmitted through a GLP-1 target,29967.957562125765,48033.206479301654,62.390083358352264
USA,Whole grains (low),"Transmitted through a GLP-1 target, beyond what 20% coverage offsets",15526.522579889524,48033.206479301654,32.32455985752309
USA,Whole grains (low),"Transmitted through a GLP-1 target, offset by 20% coverage",2538.7263372863677,48033.206479301654,5.285356784124644
ZAF,Fibre (low),Not transmitted through a GLP-1 target,1062.9412458941486,1062.9412458941486,100.0
ZAF,Fruits (low),Not transmitted through a GLP-1 target,6339.212289893035,7027.843881455254,90.20138177258963
ZAF,Fruits (low),"Transmitted through a GLP-1 target, beyond what 20% coverage offsets",263.4286022100599,7027.843881455254,3.74835592044358
ZAF,Fruits (low),"Transmitted through a GLP-1 target, offset by 20% coverage",425.202989352159,7027.843881455254,6.050262306966791
ZAF,Legumes (low),Not transmitted through a GLP-1 target,2942.805074738784,2942.805074738784,100.0
ZAF,Nuts & seeds (low),Not transmitted through a GLP-1 target,3906.650339732409,4859.017835488071,80.4
ZAF,Nuts & seeds (low),"Transmitted through a GLP-1 target, beyond what 20% coverage offsets",857.1307461800959,4859.017835488071,17.640000000000004
ZAF,Nuts & seeds (low),"Transmitted through a GLP-1 target, offset by 20% coverage",95.23674957556621,4859.017835488071,1.9600000000000004
ZAF,Omega-6 PUFA (low),Not transmitted through a GLP-1 target,1087.6940985427093,1091.816916588167,99.62238925017381
ZAF,Omega-6 PUFA (low),"Transmitted through a GLP-1 target, beyond what 20% coverage offsets",2.3309562902909327,1091.816916588167,0.21349332977684285
ZAF,Omega-6 PUFA (low),"Transmitted through a GLP-1 target, offset by 20% coverage",1.7918617551668452,1091.816916588167,0.16411742004934834
ZAF,Processed meat (high),Not transmitted through a GLP-1 target,159.9430065242799,205.6270472311241,77.78305854117747
ZAF,Processed meat (high),"Transmitted through a GLP-1 target, beyond what 20% coverage offsets",23.468029144899536,205.6270472311241,11.412909663835007
ZAF,Processed meat (high),"Transmitted through a GLP-1 target, offset by 20% coverage",22.21601156194468,205.6270472311241,10.804031794987534
ZAF,Red meat (high),Not transmitted through a GLP-1 target,1040.2114411577832,1040.2114411577832,100.0
ZAF,SSB (high),Not transmitted through a GLP-1 target,386.7715352306985,446.02795900747526,86.71463916552737
ZAF,SSB (high),"Transmitted through a GLP-1 target, beyond what 20% coverage offsets",31.228135330361365,446.02795900747526,7.0013851597670795
ZAF,SSB (high),"Transmitted through a GLP-1 target, offset by 20% coverage",28.028288446415413,446.02795900747526,6.283975674705556
ZAF,Seafood omega-3 (low),Not transmitted through a GLP-1 target,3024.298409112048,3024.298409112048,100.0
ZAF,Sodium (high),Not transmitted through a GLP-1 target,0.0,1256.7009287856415,0.0
ZAF,Sodium (high),"Transmitted through a GLP-1 target, beyond what 20% coverage offsets",9.044748758569817,1256.7009287856415,0.7197216578259251
ZAF,Sodium (high),"Transmitted through a GLP-1 target, offset by 20% coverage",1247.6561800270717,1256.7009287856415,99.28027834217407
ZAF,Trans fat (high),Not transmitted through a GLP-1 target,5.226423169146193e-12,6.148733140171992e-12,85.0
ZAF,Trans fat (high),"Transmitted through a GLP-1 target, beyond what 20% coverage offsets",8.300789739232189e-13,6.148733140171992e-12,13.5
ZAF,Trans fat (high),"Transmitted through a GLP-1 target, offset by 20% coverage",9.223099710257988e-14,6.148733140171992e-12,1.5000000000000002
ZAF,Vegetables (low),Not transmitted through a GLP-1 target,2522.2671135578657,2956.7100177976595,85.30654336662363
ZAF,Vegetables (low),"Transmitted through a GLP-1 target, beyond what 20% coverage offsets",105.39215995958087,2956.7100177976595,3.564507825426974
ZAF,Vegetables (low),"Transmitted through a GLP-1 target, offset by 20% coverage",329.05074428021294,2956.7100177976595,11.128948807949396
ZAF,Whole grains (low),Not transmitted through a GLP-1 target,286.7337055822244,447.6197093733448,64.05743526880076
ZAF,Whole grains (low),"Transmitted through a GLP-1 target, beyond what 20% coverage offsets",138.70156476287713,447.6197093733448,30.986473977442927
ZAF,Whole grains (low),"Transmitted through a GLP-1 target, offset by 20% coverage",22.18443902824328,447.6197093733448,4.9560907537563255
