iso3,outcome,glp1_channel,conv_wt,deaths,deaths_lo,deaths_hi,rate_per_100k
AUS,CKD,完全汇流-结构可及,1.0,873.8546887014435,299.9344818724435,1886.7574342614553,4.6283250609492175
AUS,ICH,基本不汇流-结构近乎不可及,0.024,94.50114252548259,-6.400083619176664,199.3337601339696,0.5005202946144041
AUS,ICH,完全汇流-结构可及,1.0,41.64281347978411,0.019132641485033516,215.07048862028097,0.2205589553147869
AUS,ICH,纯直接效应-结构不可及,0.0,-117.59055987028158,-715.0440662753942,352.66590293749465,-0.6228121702790546
AUS,ICH,部分汇流-结构小部可及,0.119,4.136306345367392,-0.13428777593369587,23.378958345631478,0.021907727412295044
AUS,IHD,基本不汇流-结构近乎不可及,0.006,1429.189915904599,-2872.6248901963536,5161.978655499102,7.569628669575202
AUS,IHD,完全汇流-结构可及,1.0,272.2675726257078,0.18239755323464069,1324.4738489353379,1.4420507733842558
AUS,IHD,纯直接效应-结构不可及,0.0,2939.543607809612,-380.2563340510704,6996.278333051516,15.569136978592754
AUS,IHD,部分汇流-结构小部可及,0.2012,4811.433765098836,1564.772043973077,8544.301283632192,25.483504021928365
AUS,IschStroke,完全汇流-结构可及,1.0,106.40128074791913,9.939039779980742,455.95714205848475,0.563548746227462
AUS,IschStroke,纯直接效应-结构不可及,0.0,46.269825140998705,-59.57580333497311,208.8191877823337,0.24506567743437307
AUS,IschStroke,部分汇流-结构小部可及,0.17066666666666666,128.63020506505572,-193.42760429642118,478.2625341465459,0.6812830661609413
AUS,SAH,基本不汇流-结构近乎不可及,0.029999999999999995,53.614753447193294,-3.817545130978206,115.7089237480466,0.283967701065959
AUS,SAH,完全汇流-结构可及,1.0,21.314343118205947,0.012868425288107778,98.82498913020375,0.11289028906883534
AUS,SAH,纯直接效应-结构不可及,0.0,-73.85994957133317,-428.60203704603333,197.73402461936988,-0.39119530972527705
AUS,T2D,完全汇流-结构可及,1.0,1346.2476564344565,294.69407372351156,2650.452081841839,7.130329386661393
AUS,T2D,纯直接效应-结构不可及,0.0,31.717424284646388,10.970229158917475,59.99488536767281,0.16798965730049722
BGD,CKD,完全汇流-结构可及,1.0,6866.11442485076,2068.546155737014,16126.813413516647,7.576150541432737
BGD,ICH,基本不汇流-结构近乎不可及,0.024,8829.526052501373,-503.9490890508791,21583.28145273723,9.742601775050774
BGD,ICH,完全汇流-结构可及,1.0,5854.880438518607,5.10933864599837,22218.173151965275,6.46034319552879
BGD,ICH,纯直接效应-结构不可及,0.0,6948.920183496202,-2800.184906605176,19006.584255040663,7.667519378940722
BGD,ICH,部分汇流-结构小部可及,0.119,6271.861061012556,-414.89344608487545,16664.2354704107,6.9204444658252235
BGD,IHD,基本不汇流-结构近乎不可及,0.006,24469.905623947136,-66104.32257266226,100285.01634347426,27.000378565014174
BGD,IHD,完全汇流-结构可及,1.0,13140.15825804068,13.865284271466074,46065.09307034438,14.49900350347432
BGD,IHD,纯直接效应-结构不可及,0.0,58236.08360101751,224.25802109797507,132516.01742943283,64.25837220362969
BGD,IHD,部分汇流-结构小部可及,0.2012,137776.8159360465,46377.27704861812,258559.34869119353,152.02454169316374
BGD,IschStroke,完全汇流-结构可及,1.0,6110.2341856567555,40.64541940840333,23917.888249476095,6.742103491080465
BGD,IschStroke,纯直接效应-结构不可及,0.0,2458.9236186014155,-1819.462937545005,8880.747194880081,2.7132049295571967
BGD,IschStroke,部分汇流-结构小部可及,0.17066666666666666,10963.525249910706,-8848.100303887419,37460.40966631566,12.097281317872572
BGD,SAH,基本不汇流-结构近乎不可及,0.029999999999999995,1666.023994263004,-116.85391768382817,4732.2888639501725,1.8383102589278415
BGD,SAH,完全汇流-结构可及,1.0,524.8442136008604,0.006166415927241086,2150.6924870420253,0.5791192116822937
BGD,SAH,纯直接效应-结构不可及,0.0,773.6132809885108,-350.9332148945791,2428.5298792095055,0.8536138949866184
BGD,T2D,完全汇流-结构可及,1.0,15191.496076771233,1907.8237609715504,36088.29622760053,16.762473519323166
BGD,T2D,纯直接效应-结构不可及,0.0,1302.6782840110732,538.6551066521007,2568.658318956102,1.4373903748243573
BGR,CKD,完全汇流-结构可及,1.0,420.5664096363282,111.32591444099636,897.5706833155838,7.908223318463939
BGR,ICH,基本不汇流-结构近乎不可及,0.024,174.17400418046628,-10.296408933488209,366.4348205070551,3.2751234757936776
BGR,ICH,完全汇流-结构可及,1.0,441.44656524422953,107.01763108637378,880.1408659694565,8.300848429951914
BGR,ICH,纯直接效应-结构不可及,0.0,-102.6312893964644,-668.5292898113025,435.4030218691407,-1.9298525450736148
BGR,ICH,部分汇流-结构小部可及,0.119,0.49087990907304235,-0.0074489331055038405,4.752306446453386,0.009230380397839476
BGR,IHD,基本不汇流-结构近乎不可及,0.006,773.1789238529798,-713.6856562213015,2872.214903404682,14.538658948645681
BGR,IHD,完全汇流-结构可及,1.0,2356.439785848925,570.7303437732924,4581.646137597858,44.30989169848561
BGR,IHD,纯直接效应-结构不可及,0.0,4257.959966190681,-412.12552583518027,9487.36930955471,80.0655913600724
BGR,IHD,部分汇流-结构小部可及,0.2012,4486.299390985927,1386.6609617009356,7836.09758360019,84.35922756666311
BGR,IschStroke,完全汇流-结构可及,1.0,1899.734512245026,480.08010360920525,3869.42286045481,35.722122414906984
BGR,IschStroke,纯直接效应-结构不可及,0.0,31.432317070839844,-279.8218340254159,469.5039187330867,0.591045259719896
BGR,IschStroke,部分汇流-结构小部可及,0.17066666666666666,402.4630079933896,-301.90562792219424,1222.1514368722476,7.5678115791146086
BGR,SAH,基本不汇流-结构近乎不可及,0.029999999999999995,28.839331526059546,-1.8907338090116361,58.81968640677555,0.5422874220043178
BGR,SAH,完全汇流-结构可及,1.0,56.328692374348535,12.916505924144595,121.01600135741936,1.059190340280867
BGR,SAH,纯直接效应-结构不可及,0.0,-18.66061238789659,-119.92071999160899,74.45414356429754,-0.35088938783862794
BGR,T2D,完全汇流-结构可及,1.0,396.379229982901,95.20186433895616,793.4754081853631,7.45341377171837
BGR,T2D,纯直接效应-结构不可及,0.0,11.81574065619211,4.442402160674313,21.974755015038824,0.22218016855654615
BRA,CKD,完全汇流-结构可及,1.0,16734.764249619097,5842.293797956811,33930.60873979753,12.088568176409451
BRA,ICH,基本不汇流-结构近乎不可及,0.024,2560.113119630077,-186.2450773421558,5164.717233189661,1.8493300248716016
BRA,ICH,完全汇流-结构可及,1.0,2957.0888596783034,17.20659994172653,8953.534860089905,2.1360904611928246
BRA,ICH,纯直接效应-结构不可及,0.0,-3697.052838301333,-19710.14305638839,8962.249564998794,-2.670612780733435
BRA,ICH,部分汇流-结构小部可及,0.119,945.845437451978,-59.838299402299796,2831.9260025165268,0.6832433898938438
BRA,IHD,基本不汇流-结构近乎不可及,0.006,1505.7032384625086,-762.166363333768,5320.209890442519,1.0876637387950552
BRA,IHD,完全汇流-结构可及,1.0,9579.423868794152,52.80003277285806,28977.163099618116,6.91981773996475
BRA,IHD,纯直接效应-结构不可及,0.0,32509.63911686125,184.36836022719714,75003.67971273439,23.483748142050455
BRA,IHD,部分汇流-结构小部可及,0.2012,44962.1855763382,15606.697730141794,77887.4455336721,32.47900224900446
BRA,IschStroke,完全汇流-结构可及,1.0,5346.253226141682,243.25110230556683,15896.92783674057,3.861933496555455
BRA,IschStroke,纯直接效应-结构不可及,0.0,955.8455844329785,-1286.0808867706746,4501.688249566797,0.6904671222841396
BRA,IschStroke,部分汇流-结构小部可及,0.17066666666666666,3818.0519468783996,-2030.499219095395,10199.214226759499,2.7580180140250805
BRA,SAH,基本不汇流-结构近乎不可及,0.029999999999999995,1224.8703565582841,-86.21027433830521,2751.525826668871,0.8848005619711552
BRA,SAH,完全汇流-结构可及,1.0,791.23401834805,2.6856113622560596,2580.51249920056,0.5715578798495783
BRA,SAH,纯直接效应-结构不可及,0.0,-1260.430012401424,-6867.409973493493,3116.1530296174324,-0.9104875281917422
BRA,T2D,完全汇流-结构可及,1.0,16147.509615655496,1947.2637129387208,36317.75000029022,11.664357379430765
BRA,T2D,纯直接效应-结构不可及,0.0,491.07113814968915,149.43297076447237,987.02077359741,0.35473143478102
CAN,CKD,完全汇流-结构可及,1.0,1265.923726823214,360.017675101682,2919.0203729955133,4.546326910364829
CAN,ICH,基本不汇流-结构近乎不可及,0.024,151.102256776879,-9.308893133688885,326.47624948300904,0.5426553287894218
CAN,ICH,完全汇流-结构可及,1.0,173.5061827012253,0.7096533045706928,589.846039351954,0.6231148139617855
CAN,ICH,纯直接效应-结构不可及,0.0,-205.69556529409323,-961.2991591218664,452.6557904797188,-0.7387169258498595
CAN,ICH,部分汇流-结构小部可及,0.119,9.843806356210694,-0.10626210444001019,62.211794829455044,0.0353521786418897
CAN,IHD,基本不汇流-结构近乎不可及,0.006,3560.0174089393045,-6331.771797701765,12291.798596089731,12.785132788563546
CAN,IHD,完全汇流-结构可及,1.0,1256.5303142382968,5.469134511616758,4225.642516773176,4.51259223622128
CAN,IHD,纯直接效应-结构不可及,0.0,4443.267342621778,-850.5078419045757,11414.148478880074,15.957158762162624
CAN,IHD,部分汇流-结构小部可及,0.2012,5302.621109661331,1963.268843363866,9896.963993127045,19.04336614877945
CAN,IschStroke,完全汇流-结构可及,1.0,379.73800301789584,23.961492174068386,1271.5391303611475,1.3637575988411457
CAN,IschStroke,纯直接效应-结构不可及,0.0,12.30998729539178,-112.38282160020545,189.34785420287372,0.044209003529566
CAN,IschStroke,部分汇流-结构小部可及,0.17066666666666666,199.92706386479296,-238.18702479156403,682.8165196834043,0.7180004381777959
CAN,SAH,基本不汇流-结构近乎不可及,0.029999999999999995,72.19189603623376,-4.5285469784414785,169.17047455477868,0.25926361336430165
CAN,SAH,完全汇流-结构可及,1.0,62.262021039164566,0.29911733864456946,222.01698375661724,0.22360233539060984
CAN,SAH,纯直接效应-结构不可及,0.0,-102.45891861753714,-466.49868791404367,209.11928343716173,-0.3679619309187967
CAN,T2D,完全汇流-结构可及,1.0,1479.3160712095482,303.3399482944877,2961.4046847431096,5.3126853703519785
CAN,T2D,纯直接效应-结构不可及,0.0,20.1276872821095,5.192959681836335,42.23877146328686,0.07228480231087515
CHN,CKD,完全汇流-结构可及,1.0,24092.73812210762,4990.4474366982095,62447.65822602139,2.345413381071081
CHN,ICH,基本不汇流-结构近乎不可及,0.024,54903.401013043884,-3265.3552878488777,121679.36353377344,5.344812646435716
CHN,ICH,完全汇流-结构可及,1.0,150081.3906522088,38597.4713563081,323285.4814910007,14.610331963989061
CHN,ICH,纯直接效应-结构不可及,0.0,-53844.059694465665,-293549.8970174138,137665.00841157837,-5.241686414327006
CHN,ICH,部分汇流-结构小部可及,0.119,-0.14831876111300765,-0.9269614485932474,0.020736296274612057,-1.443874105198226e-05
CHN,IHD,基本不汇流-结构近乎不可及,0.006,42532.43245887536,-63983.056512034185,212154.8948260652,4.140506392962099
CHN,IHD,完全汇流-结构可及,1.0,216657.39638265944,43452.51619415665,483982.9229668976,21.0914655697697
CHN,IHD,纯直接效应-结构不可及,0.0,292838.21783236036,-75373.58442279615,819103.3086140939,28.50762213543468
CHN,IHD,部分汇流-结构小部可及,0.2012,458739.7186086573,118101.28863861847,926602.190463197,44.658032183824076
CHN,IschStroke,完全汇流-结构可及,1.0,106669.62886038038,23560.412805689542,242519.59460116594,10.384223396071851
CHN,IschStroke,纯直接效应-结构不可及,0.0,4619.6535553096655,-16647.353280621704,41566.80764784343,0.44972045973444735
CHN,IschStroke,部分汇流-结构小部可及,0.17066666666666666,28686.284394133007,-24472.06147695433,93307.19260862516,2.7925923126799987
CHN,SAH,基本不汇流-结构近乎不可及,0.029999999999999995,4903.256790136857,-254.47112141572921,11183.130631202726,0.4773290618994448
CHN,SAH,完全汇流-结构可及,1.0,13103.4918046299,3367.5665040062668,29672.54308217518,1.2756169457191486
CHN,SAH,纯直接效应-结构不可及,0.0,-5069.5791717330785,-27189.307915431542,12121.527153260235,-0.49352044443929133
CHN,T2D,完全汇流-结构可及,1.0,33701.248121820296,3114.2460794390768,81703.45773057408,3.2807959769082196
CHN,T2D,纯直接效应-结构不可及,0.0,761.0273368269505,104.43345652593743,2041.6211985048612,0.07408554769110962
DEU,CKD,完全汇流-结构可及,1.0,3991.2727885366876,1028.6788574670509,9536.876403489072,6.236492124677394
DEU,ICH,基本不汇流-结构近乎不可及,0.024,420.30169826064423,-28.23880246845349,892.4638115145879,0.6567349239368954
DEU,ICH,完全汇流-结构可及,1.0,425.2834838635661,2.664329072218613,1487.009433154757,0.6645191241971949
DEU,ICH,纯直接效应-结构不可及,0.0,-555.3847856116912,-3125.38544520559,1408.254867532467,-0.86780659332053
DEU,ICH,部分汇流-结构小部可及,0.119,10.423952104939591,-0.04437865611476511,58.97342451523457,0.016287760485121885
DEU,IHD,基本不汇流-结构近乎不可及,0.006,8414.957352577962,-8137.196599732881,27355.06533334094,13.14864155854633
DEU,IHD,完全汇流-结构可及,1.0,3608.5436744660374,18.141010624989786,12533.03650323636,5.6384655721847325
DEU,IHD,纯直接效应-结构不可及,0.0,19975.148092993448,-5034.549271726403,48204.81199659559,31.21181146250115
DEU,IHD,部分汇流-结构小部可及,0.2012,17749.756418144636,6215.486988185912,32023.596045933038,27.734565383411287
DEU,IschStroke,完全汇流-结构可及,1.0,1413.1550150766063,118.88890972423955,4687.462540451537,2.208100169897122
DEU,IschStroke,纯直接效应-结构不可及,0.0,220.56594561145084,-376.1238316398997,1194.1747318210178,0.34464138525649446
DEU,IschStroke,部分汇流-结构小部可及,0.17066666666666666,803.754248584568,-760.2148483516781,2491.2007868454043,1.2558918688470344
DEU,SAH,基本不汇流-结构近乎不可及,0.029999999999999995,165.78574512299235,-11.563276135899681,358.0075996326182,0.25904555980559274
DEU,SAH,完全汇流-结构可及,1.0,131.8438882518046,1.2318398613300099,483.1349117345195,0.2060103165914358
DEU,SAH,纯直接效应-结构不可及,0.0,-237.0642222240518,-1305.9032438945794,557.7647705588643,-0.3704204731857257
DEU,T2D,完全汇流-结构可及,1.0,4650.497586014003,1204.9511765599025,9062.013437758298,7.2665520768979555
DEU,T2D,纯直接效应-结构不可及,0.0,91.65543709056313,29.56835142852713,177.20531042634823,0.14321456885654987
EGY,CKD,完全汇流-结构可及,1.0,10965.21345335436,1836.6352691715883,31530.410587107493,20.721604370913195
EGY,ICH,基本不汇流-结构近乎不可及,0.024,1079.2648677674918,-53.55521366853735,2931.9084168338522,2.0395498634331215
EGY,ICH,完全汇流-结构可及,1.0,912.7219689380686,6.123495011427396,4234.786402333394,1.7248240192889177
EGY,ICH,纯直接效应-结构不可及,0.0,-500.38015736112624,-2642.9937877698812,1247.7713897997858,-0.9455976119389333
EGY,ICH,部分汇流-结构小部可及,0.119,-0.01130563377038068,-0.05962344501792922,0.005925142148226429,-2.1364916528879654e-05
EGY,IHD,基本不汇流-结构近乎不可及,0.006,34094.74460512519,-81127.49305126978,136008.47222345657,64.43083044759216
EGY,IHD,完全汇流-结构可及,1.0,15795.792824972597,157.59371252655308,60120.04447269061,29.8502323768137
EGY,IHD,纯直接效应-结构不可及,0.0,33521.16787282141,-13419.67030163617,102677.0532657073,63.346908992371944
EGY,IHD,部分汇流-结构小部可及,0.2012,120546.18306590806,19634.233814384937,250303.27860020776,227.80316357191288
EGY,IschStroke,完全汇流-结构可及,1.0,5137.400955491129,134.16921599344255,20153.961519876008,9.708446675233029
EGY,IschStroke,纯直接效应-结构不可及,0.0,-452.38051032395276,-1771.7484588541847,605.1174167425278,-0.8548898751421162
EGY,IschStroke,部分汇流-结构小部可及,0.17066666666666666,1667.360122194766,-1057.040772189488,5519.511311395127,3.150907817976689
EGY,SAH,基本不汇流-结构近乎不可及,0.029999999999999995,96.97242663097656,-5.178913160762987,276.701127431793,0.18325445902923135
EGY,SAH,完全汇流-结构可及,1.0,71.74745275224079,0.41006925180574594,356.02374036781384,0.1355853524308657
EGY,SAH,纯直接效应-结构不可及,0.0,-49.95020472777043,-281.68182606707643,112.5730097787622,-0.09439381960214792
EGY,T2D,完全汇流-结构可及,1.0,4654.4526345085715,847.395568941922,11822.947140081804,8.795791022739918
EGY,T2D,纯直接效应-结构不可及,0.0,65.62714051030586,3.656449902426844,235.91473232807894,0.12401944088310315
GBR,CKD,完全汇流-结构可及,1.0,1434.2141558090075,436.18214552636806,3146.1221169361097,2.9151857986271184
GBR,ICH,基本不汇流-结构近乎不可及,0.024,395.53536642235935,-25.492838541822593,828.1471314473627,0.8039657664645078
GBR,ICH,完全汇流-结构可及,1.0,266.7694802637603,0.02570860976009315,1088.8817745267454,0.5422360372209395
GBR,ICH,纯直接效应-结构不可及,0.0,-348.25053712283494,-1905.7874476074692,1170.773295929562,-0.7078545530127577
GBR,ICH,部分汇流-结构小部可及,0.119,23.878516285351534,-0.6545260331003713,129.28332974551816,0.04853550725698812
GBR,IHD,基本不汇流-结构近乎不可及,0.006,6692.648499009585,-8529.419567635514,21564.11285282312,13.60348716437715
GBR,IHD,完全汇流-结构可及,1.0,1846.3321088601888,0.47042065886400664,6968.276215468517,3.752857355017802
GBR,IHD,纯直接效应-结构不可及,0.0,10545.465783406902,-2546.211351693409,26925.82557998669,21.434729232856544
GBR,IHD,部分汇流-结构小部可及,0.2012,20086.722406918583,6685.704975217849,34345.41264026675,40.82830145305866
GBR,IschStroke,完全汇流-结构可及,1.0,816.4407086351081,81.18774644546501,2726.2110798617227,1.6594985829655136
GBR,IschStroke,纯直接效应-结构不可及,0.0,58.42005827678751,-237.6480593079907,556.0950687010712,0.11874469621825358
GBR,IschStroke,部分汇流-结构小部可及,0.17066666666666666,527.4641417701696,-639.6539023116525,1816.4769741559087,1.0721243889174157
GBR,SAH,基本不汇流-结构近乎不可及,0.029999999999999995,185.57760222076243,-13.052144144927905,402.49173613358926,0.37720530671521446
GBR,SAH,完全汇流-结构可及,1.0,82.66803797683609,-0.03878260886456077,356.3095900056769,0.16803117535435383
GBR,SAH,纯直接效应-结构不可及,0.0,-177.61923516492456,-911.4496030541184,529.1985740997716,-0.3610291181540621
GBR,T2D,完全汇流-结构可及,1.0,1913.3461198624316,468.29260348665764,3622.624675885218,3.889070132162358
GBR,T2D,纯直接效应-结构不可及,0.0,37.93127857950243,8.012391080933984,85.68724032954815,0.07709917252654692
GLB,CKD,完全汇流-结构可及,1.0,344228.14458158216,117282.42848578098,700364.9367990725,7.1819359266472
GLB,ICH,基本不汇流-结构近乎不可及,0.024,245564.34587286387,-15029.820002098706,500355.2193045286,5.123425918794854
GLB,ICH,完全汇流-结构可及,1.0,333314.40049755713,60891.31932771105,804015.5335079152,6.954232840873759
GLB,ICH,纯直接效应-结构不可及,0.0,-66308.50316193266,-589538.3380871497,385325.82790774904,-1.383452889012736
GLB,ICH,部分汇流-结构小部可及,0.119,50308.32528404171,-3710.2632684815535,119707.60085395633,1.0496270408280983
GLB,IHD,基本不汇流-结构近乎不可及,0.006,645756.2942516995,-1413612.8309283478,2365021.0466438085,13.472984131446248
GLB,IHD,完全汇流-结构可及,1.0,643434.8970120287,78580.3797274936,1662483.419177063,13.424550769741103
GLB,IHD,纯直接效应-结构不可及,0.0,1695579.8735494446,-225608.27084072525,3890731.7979599214,35.376381048524614
GLB,IHD,部分汇流-结构小部可及,0.2012,3017104.8066729284,948999.4525678483,5246120.753769018,62.948523374935085
GLB,IschStroke,完全汇流-结构可及,1.0,300355.94878329244,47549.74642918976,771458.9373061436,6.26659154198733
GLB,IschStroke,纯直接效应-结构不可及,0.0,19399.02170613335,-45261.919369685966,118251.35317336225,0.4047389300559312
GLB,IschStroke,部分汇流-结构小部可及,0.17066666666666666,201100.9949777632,-92928.01407467139,530520.0895843173,4.19574774302918
GLB,SAH,基本不汇流-结构近乎不可及,0.029999999999999995,33648.11551143841,-2382.7615459775884,73933.09620758724,0.7020303640462533
GLB,SAH,完全汇流-结构可及,1.0,33786.30151544588,5670.504506396989,86628.66341004561,0.7049134607434958
GLB,SAH,纯直接效应-结构不可及,0.0,-10843.71566000785,-85344.51654529432,51731.615249530034,-0.22624202088885245
GLB,T2D,完全汇流-结构可及,1.0,449455.9242059548,89291.41322575777,858301.7237372728,9.377396068014246
GLB,T2D,纯直接效应-结构不可及,0.0,15297.150425287313,5633.249433066061,29015.65102778284,0.31915796527398665
IND,CKD,完全汇流-结构可及,1.0,37613.641275286864,13480.860878805308,81315.60111178212,4.6142830009637
IND,ICH,基本不汇流-结构近乎不可及,0.024,88325.87462488243,-5547.561605724244,191171.40452058244,10.835446077767106
IND,ICH,完全汇流-结构可及,1.0,41957.90780959838,1023.4942095164562,149664.35176392552,5.1472193118680005
IND,ICH,纯直接效应-结构不可及,0.0,11246.860454148225,-9018.47660673363,39889.99755394661,1.3797174442104378
IND,ICH,部分汇流-结构小部可及,0.119,7188.537481164081,-316.93120541550314,22409.653438962923,0.8818594843918859
IND,IHD,基本不汇流-结构近乎不可及,0.006,184826.4308576183,-526013.1802398186,742159.1379674212,22.67372764559861
IND,IHD,完全汇流-结构可及,1.0,95433.04760193083,1623.7918283465613,334105.27715307765,11.707324107678819
IND,IHD,纯直接效应-结构不可及,0.0,319445.35983703646,-6186.626898187148,761150.1528870752,39.188210544274874
IND,IHD,部分汇流-结构小部可及,0.2012,916911.8182485416,242862.32003206515,1724214.6679274023,112.48287783046325
IND,IschStroke,完全汇流-结构可及,1.0,33157.94634732767,707.1146174412605,133830.34941751242,4.067677124306109
IND,IschStroke,纯直接效应-结构不可及,0.0,3114.5851652917377,-3932.799783802775,15653.571112147236,0.38208418265268773
IND,IschStroke,部分汇流-结构小部可及,0.17066666666666666,67849.3659448063,-18766.668100021096,178705.6458029759,8.323474284607062
IND,SAH,基本不汇流-结构近乎不可及,0.029999999999999995,9398.063663405683,-578.8923194405866,26173.888241577883,1.152914845086259
IND,SAH,完全汇流-结构可及,1.0,3771.9377005537526,88.9951675907403,15123.362035192647,0.4627254214761356
IND,SAH,纯直接效应-结构不可及,0.0,1129.394033962755,-941.5343272050143,4582.7260703955535,0.13854930061578874
IND,T2D,完全汇流-结构可及,1.0,146495.9817038683,26169.660005078887,322496.622633381,17.97150967486312
IND,T2D,纯直接效应-结构不可及,0.0,5940.860636913055,1718.7748580891136,12761.55236777073,0.7287997470750914
ISR,CKD,完全汇流-结构可及,1.0,338.29644430227137,65.88434151096146,859.509013165998,5.924631809798209
ISR,ICH,基本不汇流-结构近乎不可及,0.024,29.755179509347396,-2.136352512842315,67.1749248229491,0.5211065206166338
ISR,ICH,完全汇流-结构可及,1.0,39.9168698745437,0.06292041994201354,142.54830460227726,0.6990695911512115
ISR,ICH,纯直接效应-结构不可及,0.0,-55.1530838999393,-242.9615930557305,107.35633224781192,-0.9659034872683582
ISR,ICH,部分汇流-结构小部可及,0.119,-0.00017322924105290236,-0.001599752177296478,0.0018463697833942454,-3.033787346024246e-06
ISR,IHD,基本不汇流-结构近乎不可及,0.006,163.58919852724378,-202.71743133576007,661.9814073402447,2.864959965313462
ISR,IHD,完全汇流-结构可及,1.0,141.6496495979182,0.1570415647481303,519.8676082364204,2.4807296499538216
ISR,IHD,纯直接效应-结构不可及,0.0,466.5368767764839,-106.45989506532733,1222.0166378712013,8.170524009776905
ISR,IHD,部分汇流-结构小部可及,0.2012,571.741969546592,170.19788821567477,1131.831108150504,10.012995160971235
ISR,IschStroke,完全汇流-结构可及,1.0,54.52782043334947,4.824423922566826,189.5031222710789,0.9549531628234674
ISR,IschStroke,纯直接效应-结构不可及,0.0,0.8258895963847864,-17.94246972072554,25.688377250010998,0.014463917243394617
ISR,IschStroke,部分汇流-结构小部可及,0.17066666666666666,21.637667917988747,-30.605792672022908,83.20146618440049,0.3789434319984238
ISR,SAH,基本不汇流-结构近乎不可及,0.029999999999999995,5.594323614476337,-0.41179943914849776,12.644788870582243,0.09797415313953763
ISR,SAH,完全汇流-结构可及,1.0,6.542517779962167,0.00869985539534983,24.798069426827823,0.11458000699735395
ISR,SAH,纯直接效应-结构不可及,0.0,-10.770704866029153,-45.99396588997225,20.01947187846475,-0.18862882462402586
ISR,T2D,完全汇流-结构可及,1.0,573.6972611240309,122.15417246579867,1167.4205776214249,10.047238449283109
ISR,T2D,纯直接效应-结构不可及,0.0,7.564802876623878,1.441445984779821,16.979613254665793,0.13248342544698127
JPN,CKD,完全汇流-结构可及,1.0,5113.354166975824,1523.6824173747355,11001.885171215346,5.181516213965356
JPN,ICH,基本不汇流-结构近乎不可及,0.024,1262.276699358124,-86.62834508246998,2520.893939844806,1.279103103492443
JPN,ICH,完全汇流-结构可及,1.0,1722.0475199374484,89.71676719194576,4464.18473462429,1.745002762257697
JPN,ICH,纯直接效应-结构不可及,0.0,-268.17780200780146,-4746.221795501705,3304.583520315792,-0.27175266644024426
JPN,ICH,部分汇流-结构小部可及,0.119,2.4693951277252246,-0.0839708598206714,19.05188404160236,0.0025023126650667218
JPN,IHD,基本不汇流-结构近乎不可及,0.006,4488.072475519461,-6233.3337803675795,15893.746866803282,4.547899390882475
JPN,IHD,完全汇流-结构可及,1.0,4354.106059146619,202.08442021696564,10752.539205589439,4.41214717503836
JPN,IHD,纯直接效应-结构不可及,0.0,7887.685484918297,776.1487287443427,17095.313529405146,7.992829930443693
JPN,IHD,部分汇流-结构小部可及,0.2012,19847.08505754248,6705.038023646368,33645.83901646758,20.1116507222943
JPN,IschStroke,完全汇流-结构可及,1.0,2757.1331705862463,206.25497582960898,7041.209950595398,2.793886314333581
JPN,IschStroke,纯直接效应-结构不可及,0.0,177.21923391360394,-696.0321370600988,1161.3126802216245,0.17958160220553318
JPN,IschStroke,部分汇流-结构小部可及,0.17066666666666666,1082.667487812325,-1310.1492531790527,3626.854303104323,1.0970996647686782
JPN,SAH,基本不汇流-结构近乎不可及,0.029999999999999995,666.1216140387347,-47.24658407974172,1319.0995414890208,0.6750011501072688
JPN,SAH,完全汇流-结构可及,1.0,691.7507556479292,29.039487847243624,1852.1183699103206,0.7009719333664686
JPN,SAH,纯直接效应-结构不可及,0.0,-128.0608323225256,-2626.6664885379255,1725.9514576444053,-0.12976790916196326
JPN,T2D,完全汇流-结构可及,1.0,2175.2149385750167,518.9927059645609,4227.012759518884,2.20421099439549
JPN,T2D,纯直接效应-结构不可及,0.0,89.70424987845138,40.579976316967674,147.4240045248261,0.09090002570302953
MEX,CKD,完全汇流-结构可及,1.0,14897.44145677656,4811.612433468226,31835.844881311907,18.883117479416605
MEX,ICH,基本不汇流-结构近乎不可及,0.024,709.8430670737877,-49.71114722595132,1482.7221749905075,0.8997551738259383
MEX,ICH,完全汇流-结构可及,1.0,724.3894982457783,0.9691042871492518,2498.963279325374,0.9181933713865
MEX,ICH,纯直接效应-结构不可及,0.0,-1035.1483759959976,-4161.689467719892,1635.3881459084992,-1.3120929824945382
MEX,ICH,部分汇流-结构小部可及,0.119,129.87863682587235,-6.1985359260272235,529.9471476055494,0.16462649404363527
MEX,IHD,基本不汇流-结构近乎不可及,0.006,9800.522701932992,-19409.67198544734,38580.41861283842,12.422564107886316
MEX,IHD,完全汇流-结构可及,1.0,7375.798246731871,12.93933180737744,24470.360874568058,9.349126506159756
MEX,IHD,纯直接效应-结构不可及,0.0,24858.74289646131,-1245.4939638781784,57673.36824665301,31.509475225423095
MEX,IHD,部分汇流-结构小部可及,0.2012,39710.17831150533,8376.827289205055,73590.1322169479,50.334278161814375
MEX,IschStroke,完全汇流-结构可及,1.0,1358.4811918078003,84.76503332884056,4251.0835928544,1.7219305753214293
MEX,IschStroke,纯直接效应-结构不可及,0.0,-1.83274919554043,-444.0640812792592,617.2418222660075,-0.0023230847035115346
MEX,IschStroke,部分汇流-结构小部可及,0.17066666666666666,624.61679020692,-176.51673873825487,1532.7855041506182,0.7917273756916291
MEX,SAH,基本不汇流-结构近乎不可及,0.029999999999999995,332.2765343935199,-21.974655661314863,775.6287735494552,0.42117412260426346
MEX,SAH,完全汇流-结构可及,1.0,231.05589112841744,0.0050699432330888845,808.374594175537,0.2928728096799823
MEX,SAH,纯直接效应-结构不可及,0.0,-420.6922536021338,-1682.3904024467472,675.4116892849593,-0.5332446695963388
MEX,T2D,完全汇流-结构可及,1.0,26861.15999560824,5349.679883520202,52525.41779771156,34.047620949015396
MEX,T2D,纯直接效应-结构不可及,0.0,118.79230635663575,4.77088834026117,415.3394312842012,0.15057411590383035
NGA,CKD,完全汇流-结构可及,1.0,18063.243914973926,6119.917830800665,41399.242636970375,20.619601318901218
NGA,ICH,基本不汇流-结构近乎不可及,0.024,5190.719980445463,-257.7685731824766,12322.779909700455,5.925324214113878
NGA,ICH,完全汇流-结构可及,1.0,2278.3726116598614,-0.02944799873404191,11143.35742157089,2.6008138476935305
NGA,ICH,纯直接效应-结构不可及,0.0,-433.31418325115254,-2576.5043478532066,841.0852734027,-0.49463793693542485
NGA,ICH,部分汇流-结构小部可及,0.119,1273.9403000033842,-52.83206393426139,5432.014984394102,1.4542316548344696
NGA,IHD,基本不汇流-结构近乎不可及,0.006,18121.319688812968,-53420.06806351951,74377.55912604304,20.68589612776747
NGA,IHD,完全汇流-结构可及,1.0,4825.1996843246425,-0.024565959025080776,22969.45393155582,5.508074532082503
NGA,IHD,纯直接效应-结构不可及,0.0,24480.39586168175,-4770.849253509477,62940.584734833814,27.944925350773328
NGA,IHD,部分汇流-结构小部可及,0.2012,34154.617220464504,6873.979267668671,78737.25625363355,38.98826775526452
NGA,IschStroke,完全汇流-结构可及,1.0,3312.1552214187236,97.37037438857934,15715.884884289526,3.780900069414229
NGA,IschStroke,纯直接效应-结构不可及,0.0,-214.20228690939356,-891.3224470727058,175.87484012989765,-0.24451675338377135
NGA,IschStroke,部分汇流-结构小部可及,0.17066666666666666,4535.872354451805,-704.0065228266046,12556.300324134378,5.1778008436618626
NGA,SAH,基本不汇流-结构近乎不可及,0.029999999999999995,296.0780994363019,-16.3875735535711,1047.6304581386437,0.3379798445047653
NGA,SAH,完全汇流-结构可及,1.0,93.94522430316943,-0.003977326668311961,592.0235498700297,0.10724059753964182
NGA,SAH,纯直接效应-结构不可及,0.0,-23.612229170249922,-170.20190324354758,50.67129649331883,-0.0269538934442156
NGA,T2D,完全汇流-结构可及,1.0,6377.203201591494,1028.1085155721341,16574.96763146644,7.279721636124894
NGA,T2D,纯直接效应-结构不可及,0.0,24.21810293232849,0.5283409720995969,100.48711741354441,0.02764551204176367
NZL,CKD,完全汇流-结构可及,1.0,208.57147810848286,56.13632526799882,462.9944132740377,5.958718355781032
NZL,ICH,基本不汇流-结构近乎不可及,0.024,20.000234088116244,-1.2450741322036813,42.87833389751999,0.5713905039249407
NZL,ICH,完全汇流-结构可及,1.0,14.743442447753068,0.005822033294080063,59.460996922323616,0.4212082204985553
NZL,ICH,纯直接效应-结构不可及,0.0,-26.975851546893235,-134.67628570186045,68.64774800797154,-0.7706782501281958
NZL,ICH,部分汇流-结构小部可及,0.119,0.7047447950922178,-0.01712909656625751,4.371711124809689,0.02013398852393877
NZL,IHD,基本不汇流-结构近乎不可及,0.006,385.03997899151017,-748.7322574815655,1392.2402916181138,11.000280629611844
NZL,IHD,完全汇流-结构可及,1.0,128.993279453065,0.0707109503481142,503.4697801573242,3.6852336140111452
NZL,IHD,纯直接效应-结构不可及,0.0,818.4083532132348,-153.39588911273518,1946.9019382750587,23.381264404137568
NZL,IHD,部分汇流-结构小部可及,0.2012,1206.3295650068928,369.6419360620455,2196.6290423019673,34.46385952344444
NZL,IschStroke,完全汇流-结构可及,1.0,46.46586399086777,3.512534550789636,169.34964218665755,1.3274921345458295
NZL,IschStroke,纯直接效应-结构不可及,0.0,11.0970114686612,-21.800540735713557,57.02699909475737,0.3170326380783067
NZL,IschStroke,部分汇流-结构小部可及,0.17066666666666666,36.92329700469742,-52.21871910107115,134.61022649829323,1.0548687174926676
NZL,SAH,基本不汇流-结构近乎不可及,0.029999999999999995,13.841049478592048,-0.9404920820744362,29.88847907426732,0.3954275835762299
NZL,SAH,完全汇流-结构可及,1.0,7.633587798054278,0.0016799428483870666,30.19776149031686,0.21808542637394365
NZL,SAH,纯直接效应-结构不可及,0.0,-21.189497182156426,-104.81966249760497,47.81760308091573,-0.6053667881828696
NZL,T2D,完全汇流-结构可及,1.0,180.03928190205204,31.81677594791627,361.5539696113745,5.143576598107069
NZL,T2D,纯直接效应-结构不可及,0.0,3.831387388365545,1.2686808227372495,7.2810898659871075,0.10945963736847676
ROU,CKD,完全汇流-结构可及,1.0,715.1118881774045,155.64251233135548,1605.62060744377,5.054965831598762
ROU,ICH,基本不汇流-结构近乎不可及,0.024,380.26150618318445,-24.21380362707157,800.8281290044871,2.687983450712007
ROU,ICH,完全汇流-结构可及,1.0,1268.611571829492,319.000198123237,2501.0155950220587,8.967531172657559
ROU,ICH,纯直接效应-结构不可及,0.0,-508.91667233166135,-2166.904363188082,946.2334133636241,-3.597418015695598
ROU,ICH,部分汇流-结构小部可及,0.119,-0.0029961186588167775,-0.012746810626553298,0.0008307096658251307,-2.117889200015241e-05
ROU,IHD,基本不汇流-结构近乎不可及,0.006,3792.115802914196,-6484.872022003045,13477.242942718884,26.805617596503343
ROU,IHD,完全汇流-结构可及,1.0,5786.226599729264,1419.480600507628,10879.477906192998,40.90154035904266
ROU,IHD,纯直接效应-结构不可及,0.0,8710.136507341089,-1826.7756556205934,20564.560670881623,61.57000486369678
ROU,IHD,部分汇流-结构小部可及,0.2012,10727.650625050996,2654.4954971994157,20011.812355809703,75.8313604618877
ROU,IschStroke,完全汇流-结构可及,1.0,3679.0315926090902,933.5698886113832,7455.419168841452,26.006250632205543
ROU,IschStroke,纯直接效应-结构不可及,0.0,-12.757432804413606,-395.747920006853,543.6595930719528,-0.09017943624121336
ROU,IschStroke,部分汇流-结构小部可及,0.17066666666666666,416.8067167510014,-403.7751500021365,1426.0995321647115,2.9463133621329
ROU,SAH,基本不汇流-结构近乎不可及,0.029999999999999995,71.96724888839188,-4.906213768949329,150.49317809671123,0.5087203696923238
ROU,SAH,完全汇流-结构可及,1.0,199.81365402775813,47.02362353813393,420.8502719945655,1.4124379841754788
ROU,SAH,纯直接效应-结构不可及,0.0,-101.10503276801266,-425.20823117882355,182.78725050605047,-0.7146888402982167
ROU,T2D,完全汇流-结构可及,1.0,576.3018444342049,148.36205508025063,1160.588807052821,4.073748710466899
ROU,T2D,纯直接效应-结构不可及,0.0,5.375443735718395,0.9873606966385982,12.251729980140754,0.03799780826325336
TUR,CKD,完全汇流-结构可及,1.0,3100.2619038305274,367.8676498209147,9870.10347137505,5.687151164188792
TUR,ICH,基本不汇流-结构近乎不可及,0.024,398.86155095906577,-19.97357603957071,1181.1767478312063,0.7316755823384776
TUR,ICH,完全汇流-结构可及,1.0,613.1599422188344,5.740609287749598,2683.025372321448,1.1247866752532265
TUR,ICH,纯直接效应-结构不可及,0.0,-439.7028831742161,-2172.0445343382835,836.77976949475,-0.8065953269469673
TUR,ICH,部分汇流-结构小部可及,0.119,-0.0025912426309480066,-0.01527506557347789,3.880884623397786e-05,-4.753401164941437e-06
TUR,IHD,基本不汇流-结构近乎不可及,0.006,10566.470495664753,-26537.422047522447,42181.18404916394,19.383238205307205
TUR,IHD,完全汇流-结构可及,1.0,5161.408622899981,75.51544668736668,18454.66195249459,9.468139134410462
TUR,IHD,纯直接效应-结构不可及,0.0,14949.600065494871,-346.3224908654764,37529.47098703749,27.423694530964884
TUR,IHD,部分汇流-结构小部可及,0.2012,12185.561515636278,3136.1004288285862,28182.897128740144,22.35331481973185
TUR,IschStroke,完全汇流-结构可及,1.0,1996.0768509123545,69.98079323652554,7584.310724190535,3.661623159143603
TUR,IschStroke,纯直接效应-结构不可及,0.0,-136.92894029873162,-550.4324023939907,200.13309233401256,-0.25118380523558437
TUR,IschStroke,部分汇流-结构小部可及,0.17066666666666666,511.931359822321,-647.9214866061004,2079.9216464269834,0.9390919603924581
TUR,SAH,基本不汇流-结构近乎不可及,0.029999999999999995,107.31702658863853,-4.94359852786914,305.5893196941946,0.19686341723154566
TUR,SAH,完全汇流-结构可及,1.0,127.80071499362371,1.1783860859623838,584.7894754384413,0.23443889826279599
TUR,SAH,纯直接效应-结构不可及,0.0,-128.04301517043834,-565.7946541102926,211.59813018697196,-0.23488337610866827
TUR,T2D,完全汇流-结构可及,1.0,3832.0849789554336,751.6651392244418,9157.351850312649,7.029614666557572
TUR,T2D,纯直接效应-结构不可及,0.0,26.913534310310208,1.0197049021839626,102.84707725667339,0.04937045408847583
USA,CKD,完全汇流-结构可及,1.0,29941.243133650383,9455.847974072254,63527.35727173267,12.914131719989474
USA,ICH,基本不汇流-结构近乎不可及,0.024,2140.8619497668305,-147.07573602030936,4423.091286012334,0.923387619217787
USA,ICH,完全汇流-结构可及,1.0,1926.8421531968386,5.122028947896581,6697.3001453717525,0.831077495978984
USA,ICH,纯直接效应-结构不可及,0.0,-2932.0787267283104,-16154.679960996536,6967.767427025416,-1.2646519291576241
USA,ICH,部分汇流-结构小部可及,0.119,45.68090163655742,-0.7012186183952503,265.29356449216175,0.01970289537375204
USA,IHD,基本不汇流-结构近乎不可及,0.006,25360.791779977455,-7789.296225150217,59822.156982906505,10.938510605852903
USA,IHD,完全汇流-结构可及,1.0,13242.601507268997,38.35473726921178,45354.602330581474,5.711743477611342
USA,IHD,纯直接效应-结构不可及,0.0,78813.25464781301,-10379.5353444703,180963.90556721837,33.993403255158725
USA,IHD,部分汇流-结构小部可及,0.2012,65404.50085491943,25873.317077128646,116443.73354381436,28.209995668861072
USA,IschStroke,完全汇流-结构可及,1.0,4652.175572269653,493.7057623425544,15126.482832040807,2.0065569040213393
USA,IschStroke,纯直接效应-结构不可及,0.0,644.1973290568346,-1414.2493188089077,3660.2798294941813,0.27785249677076773
USA,IschStroke,部分汇流-结构小部可及,0.17066666666666666,2674.2761297561415,-2857.2962124494334,8585.89732411707,1.1534575916281906
USA,SAH,基本不汇流-结构近乎不可及,0.029999999999999995,841.293058495186,-57.87800786749398,1785.4561594389322,0.3628630021814011
USA,SAH,完全汇流-结构可及,1.0,611.1949664877845,1.241609954546235,2194.8930621970753,0.26361805582303804
USA,SAH,纯直接效应-结构不可及,0.0,-1162.6365573506962,-6449.147036905322,2758.215451078453,-0.501463535668215
USA,T2D,完全汇流-结构可及,1.0,25492.494280037565,6767.562349857336,47733.09025291671,10.995315977160839
USA,T2D,纯直接效应-结构不可及,0.0,379.89236332199476,131.8707918298927,730.7601521019837,0.16385358475128248
ZAF,CKD,完全汇流-结构可及,1.0,7204.996979319702,2749.56717516743,14551.40788966645,19.354039597055117
ZAF,ICH,基本不汇流-结构近乎不可及,0.024,2814.281617898579,-170.2364851292175,5898.1956235932985,7.559714185364766
ZAF,ICH,完全汇流-结构可及,1.0,555.1720193185733,-0.0965524175800925,3176.8649506088727,1.4913012838047361
ZAF,ICH,纯直接效应-结构不可及,0.0,-1459.462041502511,-7235.351469565293,3556.149052795173,-3.920402218448333
ZAF,ICH,部分汇流-结构小部可及,0.119,1119.8148340127289,-93.73966389482696,3018.259109682273,3.008042987534801
ZAF,IHD,基本不汇流-结构近乎不可及,0.006,1775.727655693385,-2864.3885570266953,7486.049844363317,4.769953889018926
ZAF,IHD,完全汇流-结构可及,1.0,738.907596679041,-0.032979061051820344,4077.897452830554,1.9848511978198335
ZAF,IHD,纯直接效应-结构不可及,0.0,11434.631012943424,-2304.5487037840953,26849.004424660296,30.715668866681092
ZAF,IHD,部分汇流-结构小部可及,0.2012,15009.45728533303,4117.266825542241,26946.212063562285,40.31835564462254
ZAF,IschStroke,完全汇流-结构可及,1.0,677.7719266061708,44.67654566955409,3321.7762083045827,1.8206287584796093
ZAF,IschStroke,纯直接效应-结构不可及,0.0,-22.007521583666687,-636.9572954407636,845.6149876864993,-0.0591165333428838
ZAF,IschStroke,部分汇流-结构小部可及,0.17066666666666666,2169.3626811399627,-339.3829102936154,5078.068948609931,5.827335022022565
ZAF,SAH,基本不汇流-结构近乎不可及,0.029999999999999995,161.27757706328853,-11.002869863787911,393.6932739971881,0.4332233062080638
ZAF,SAH,完全汇流-结构可及,1.0,21.37235062252097,-0.008600911892474318,125.44439089160576,0.05741033916012447
ZAF,SAH,纯直接效应-结构不可及,0.0,-63.8941730557973,-333.1156327217099,154.42394000159422,-0.17163232113662236
ZAF,T2D,完全汇流-结构可及,1.0,13147.644786857865,1447.0459600441254,30034.598926980427,35.31716092917621
ZAF,T2D,纯直接效应-结构不可及,0.0,280.5473096958506,72.37921929513931,614.7120471278783,0.7536052764887422
