ISO3_code,Time,AgeGrp,AgeGrpStart,PopMale,PopFemale,PopTotal
EGY,2023,0-4,0,6036.477,5744.965,11781.442
EGY,2023,5-9,5,6790.369,6485.712,13276.082
EGY,2023,10-14,10,6192.023,5900.267,12092.29
EGY,2023,15-19,15,5351.153,5130.41,10481.564
EGY,2023,20-24,20,4897.926,4687.422,9585.347
EGY,2023,25-29,25,4489.24,4286.192,8775.432
EGY,2023,30-34,30,4409.701,4245.1,8654.801
EGY,2023,35-39,35,4156.092,4064.313,8220.405
EGY,2023,40-44,40,3598.355,3501.534,7099.889
EGY,2023,45-49,45,3054.415,2946.92,6001.335
EGY,2023,50-54,50,2583.168,2499.403,5082.57
EGY,2023,55-59,55,2145.794,2156.735,4302.529
EGY,2023,60-64,60,1680.418,1809.601,3490.019
EGY,2023,65-69,65,1186.095,1407.056,2593.151
EGY,2023,70-74,70,718.051,951.16,1669.211
EGY,2023,75-79,75,361.255,550.063,911.317
EGY,2023,80-84,80,129.094,229.252,358.346
EGY,2023,85-89,85,42.235,87.947,130.181
EGY,2023,90-94,90,7.986,19.137,27.123
EGY,2023,95-99,95,0.713,1.909,2.622
EGY,2023,100+,100,0.029,0.087,0.115
EGY,2033,0-4,0,6441.151,6114.413,12555.564
EGY,2033,5-9,5,6181.887,5875.242,12057.129
EGY,2033,10-14,10,6010.016,5725.586,11735.602
EGY,2033,15-19,15,6752.025,6462.796,13214.82
EGY,2033,20-24,20,6097.088,5838.306,11935.394
EGY,2033,25-29,25,5260.533,5075.476,10336.008
EGY,2033,30-34,30,4871.636,4684.648,9556.284
EGY,2033,35-39,35,4476.766,4293.15,8769.916
EGY,2033,40-44,40,4369.368,4229.787,8599.155
EGY,2033,45-49,45,4074.834,4020.519,8095.353
EGY,2033,50-54,50,3451.899,3420.791,6872.69
EGY,2033,55-59,55,2807.711,2811.814,5619.525
EGY,2033,60-64,60,2223.091,2294.757,4517.849
EGY,2033,65-69,65,1676.006,1863.464,3539.47
EGY,2033,70-74,70,1133.038,1413.111,2546.149
EGY,2033,75-79,75,634.285,913.904,1548.189
EGY,2033,80-84,80,266.971,447.44,714.41
EGY,2033,85-89,85,76.955,151.67,228.625
EGY,2033,90-94,90,11.723,27.116,38.839
EGY,2033,95-99,95,1.217,3.187,4.404
EGY,2033,100+,100,0.058,0.17,0.228
EGY,2043,0-4,0,6975.609,6616.184,13591.792
EGY,2043,5-9,5,6759.599,6417.437,13177.036
EGY,2043,10-14,10,6410.859,6092.412,12503.271
EGY,2043,15-19,15,6145.409,5852.024,11997.433
EGY,2043,20-24,20,5911.223,5657.632,11568.855
EGY,2043,25-29,25,6635.786,6386.413,13022.199
EGY,2043,30-34,30,6045.044,5812.386,11857.43
EGY,2043,35-39,35,5232.074,5066.802,10298.876
EGY,2043,40-44,40,4823.053,4660.945,9483.999
EGY,2043,45-49,45,4393.106,4247.546,8640.652
EGY,2043,50-54,50,4206.289,4140.98,8347.27
EGY,2043,55-59,55,3781.849,3861.05,7642.9
EGY,2043,60-64,60,3027.824,3184.278,6212.102
EGY,2043,65-69,65,2264.574,2490.09,4754.663
EGY,2043,70-74,70,1574.329,1865.159,3439.488
EGY,2043,75-79,75,963.65,1291.535,2255.186
EGY,2043,80-84,80,466.656,735.608,1202.264
EGY,2043,85-89,85,153.769,291.885,445.654
EGY,2043,90-94,90,29.155,66.65,95.805
EGY,2043,95-99,95,2.819,7.526,10.345
EGY,2043,100+,100,0.107,0.329,0.436
EGY,2053,0-4,0,6563.211,6221.077,12784.287
EGY,2053,5-9,5,6772.417,6424.936,13197.353
EGY,2053,10-14,10,6948.06,6596.167,13544.227
EGY,2053,15-19,15,6724.14,6394.319,13118.459
EGY,2053,20-24,20,6309.466,6020.833,12330.299
EGY,2053,25-29,25,6033.114,5774.216,11807.33
EGY,2053,30-34,30,5867.238,5634.931,11502.169
EGY,2053,35-39,35,6604.827,6376.679,12981.506
EGY,2053,40-44,40,5993.324,5786.913,11780.236
EGY,2053,45-49,45,5147.889,5020.394,10168.282
EGY,2053,50-54,50,4668.274,4577.658,9245.931
EGY,2053,55-59,55,4120.753,4104.955,8225.709
EGY,2053,60-64,60,3757.059,3898.518,7655.577
EGY,2053,65-69,65,3143.271,3487.516,6630.787
EGY,2053,70-74,70,2247.415,2675.349,4922.764
EGY,2053,75-79,75,1396.916,1824.704,3221.619
EGY,2053,80-84,80,715.411,1060.376,1775.786
EGY,2053,85-89,85,266.894,471.478,738.372
EGY,2053,90-94,90,60.414,132.257,192.672
EGY,2053,95-99,95,6.792,18.38,25.172
EGY,2053,100+,100,0.33,1.095,1.425
ZAF,2023,0-4,0,2960.034,2927.742,5887.775
ZAF,2023,5-9,5,2628.578,2613.947,5242.525
ZAF,2023,10-14,10,2689.238,2669.347,5358.586
ZAF,2023,15-19,15,2634.461,2598.336,5232.798
ZAF,2023,20-24,20,2607.07,2544.928,5151.999
ZAF,2023,25-29,25,2798.619,2838.331,5636.95
ZAF,2023,30-34,30,2828.445,2879.923,5708.367
ZAF,2023,35-39,35,2651.468,2681.561,5333.029
ZAF,2023,40-44,40,2242.173,2246.865,4489.038
ZAF,2023,45-49,45,1692.793,1768.854,3461.647
ZAF,2023,50-54,50,1360.994,1541.742,2902.735
ZAF,2023,55-59,55,1115.576,1384.928,2500.504
ZAF,2023,60-64,60,953.909,1234.175,2188.084
ZAF,2023,65-69,65,706.79,961.723,1668.513
ZAF,2023,70-74,70,448.005,669.955,1117.96
ZAF,2023,75-79,75,213.691,381.556,595.247
ZAF,2023,80-84,80,119.617,262.051,381.668
ZAF,2023,85-89,85,60.761,158.141,218.903
ZAF,2023,90-94,90,28.765,74.431,103.196
ZAF,2023,95-99,95,7.798,19.512,27.31
ZAF,2023,100+,100,1.69,3.858,5.548
ZAF,2033,0-4,0,2860.807,2776.642,5637.45
ZAF,2033,5-9,5,2929.626,2854.432,5784.058
ZAF,2033,10-14,10,2973.686,2961.04,5934.726
ZAF,2033,15-19,15,2669.628,2667.867,5337.495
ZAF,2033,20-24,20,2874.349,2867.53,5741.879
ZAF,2033,25-29,25,2809.059,2812.461,5621.52
ZAF,2033,30-34,30,2550.765,2560.182,5110.948
ZAF,2033,35-39,35,2616.837,2733.227,5350.064
ZAF,2033,40-44,40,2609.521,2738.615,5348.136
ZAF,2033,45-49,45,2403.899,2522.394,4926.294
ZAF,2033,50-54,50,1975.469,2087.774,4063.244
ZAF,2033,55-59,55,1429.164,1612.729,3041.894
ZAF,2033,60-64,60,1082.941,1361.643,2444.584
ZAF,2033,65-69,65,817.383,1164.712,1982.095
ZAF,2033,70-74,70,627.358,963.346,1590.705
ZAF,2033,75-79,75,403.993,670.62,1074.613
ZAF,2033,80-84,80,214.084,396.539,610.624
ZAF,2033,85-89,85,81.925,179.963,261.888
ZAF,2033,90-94,90,33.219,87.944,121.162
ZAF,2033,95-99,95,11.069,32.789,43.858
ZAF,2033,100+,100,3.392,9.852,13.244
ZAF,2043,0-4,0,2844.028,2761.614,5605.642
ZAF,2043,5-9,5,2834.628,2766.128,5600.756
ZAF,2043,10-14,10,2883.593,2821.213,5704.806
ZAF,2043,15-19,15,2976.841,2916.568,5893.409
ZAF,2043,20-24,20,3179.313,3181.124,6360.436
ZAF,2043,25-29,25,2878.809,2919.188,5797.997
ZAF,2043,30-34,30,2826.151,2901.115,5727.266
ZAF,2043,35-39,35,2626.462,2716.64,5343.102
ZAF,2043,40-44,40,2354.41,2443.02,4797.43
ZAF,2043,45-49,45,2382.258,2584.809,4967.066
ZAF,2043,50-54,50,2313.085,2559.676,4872.761
ZAF,2043,55-59,55,2043.955,2313.267,4357.221
ZAF,2043,60-64,60,1586.207,1857.986,3444.193
ZAF,2043,65-69,65,1060.045,1370.418,2430.464
ZAF,2043,70-74,70,723.121,1076.38,1799.502
ZAF,2043,75-79,75,474.632,823.412,1298.044
ZAF,2043,80-84,80,305.231,580.128,885.36
ZAF,2043,85-89,85,158.38,323.983,482.363
ZAF,2043,90-94,90,62.207,139.191,201.399
ZAF,2043,95-99,95,15.793,39.274,55.067
ZAF,2043,100+,100,4.276,12.953,17.228
ZAF,2053,0-4,0,2887.302,2802.155,5689.457
ZAF,2053,5-9,5,2913.229,2842.43,5755.659
ZAF,2053,10-14,10,2875.762,2815.485,5691.247
ZAF,2053,15-19,15,2891.211,2837.264,5728.475
ZAF,2053,20-24,20,3115.858,3066.142,6181.999
ZAF,2053,25-29,25,3214.312,3197.617,6411.93
ZAF,2053,30-34,30,3144.791,3231.452,6376.243
ZAF,2053,35-39,35,2708.472,2835.89,5544.363
ZAF,2053,40-44,40,2630.001,2786.954,5416.956
ZAF,2053,45-49,45,2410.82,2587.403,4998.222
ZAF,2053,50-54,50,2104.939,2300.199,4405.137
ZAF,2053,55-59,55,2045.897,2388.023,4433.919
ZAF,2053,60-64,60,1877.338,2294.738,4172.075
ZAF,2053,65-69,65,1533.941,1981.545,3515.486
ZAF,2053,70-74,70,1075.789,1486.725,2562.514
ZAF,2053,75-79,75,629.09,986.702,1615.792
ZAF,2053,80-84,80,360.832,662.604,1023.437
ZAF,2053,85-89,85,190.961,408.062,599.023
ZAF,2053,90-94,90,90.963,209.864,300.827
ZAF,2053,95-99,95,31.532,73.711,105.243
ZAF,2053,100+,100,8.133,20.89,29.023
NGA,2023,0-4,0,16969.739,16556.886,33526.624
NGA,2023,5-9,5,16105.703,15665.981,31771.684
NGA,2023,10-14,10,14878.846,14376.558,29255.405
NGA,2023,15-19,15,12883.974,12408.766,25292.74
NGA,2023,20-24,20,10698.259,10318.032,21016.291
NGA,2023,25-29,25,8774.685,8485.133,17259.819
NGA,2023,30-34,30,7358.851,7146.989,14505.841
NGA,2023,35-39,35,6310.333,6162.859,12473.192
NGA,2023,40-44,40,5490.497,5365.612,10856.109
NGA,2023,45-49,45,4459.762,4388.858,8848.62
NGA,2023,50-54,50,3399.899,3397.045,6796.944
NGA,2023,55-59,55,2617.176,2675.633,5292.809
NGA,2023,60-64,60,1986.091,2100.11,4086.201
NGA,2023,65-69,65,1431.819,1559.296,2991.115
NGA,2023,70-74,70,929.048,1040.626,1969.674
NGA,2023,75-79,75,562.402,618.781,1181.182
NGA,2023,80-84,80,255.893,290.082,545.976
NGA,2023,85-89,85,79.047,96.544,175.591
NGA,2023,90-94,90,13.707,19.825,33.532
NGA,2023,95-99,95,1.157,2.259,3.416
NGA,2023,100+,100,0.045,0.137,0.182
NGA,2033,0-4,0,18688.306,18223.935,36912.241
NGA,2033,5-9,5,17214.98,16712.645,33927.625
NGA,2033,10-14,10,15952.22,15386.545,31338.765
NGA,2033,15-19,15,15620.312,15041.662,30661.974
NGA,2033,20-24,20,14919.846,14362.532,29282.379
NGA,2033,25-29,25,12742.683,12252.211,24994.894
NGA,2033,30-34,30,9859.701,9450.232,19309.933
NGA,2033,35-39,35,7822.958,7481.287,15304.245
NGA,2033,40-44,40,6562.845,6309.771,12872.616
NGA,2033,45-49,45,5612.593,5460.056,11072.649
NGA,2033,50-54,50,4816.399,4737.235,9553.634
NGA,2033,55-59,55,3799.169,3794.461,7593.631
NGA,2033,60-64,60,2756.084,2804.924,5561.007
NGA,2033,65-69,65,1947.053,2029.428,3976.48
NGA,2033,70-74,70,1278.338,1375.884,2654.222
NGA,2033,75-79,75,727.649,810.041,1537.69
NGA,2033,80-84,80,324.714,378.517,703.231
NGA,2033,85-89,85,110.141,132.071,242.212
NGA,2033,90-94,90,21.015,29.034,50.048
NGA,2033,95-99,95,1.906,3.444,5.35
NGA,2033,100+,100,0.082,0.207,0.289
NGA,2043,0-4,0,19367.425,18885.399,38252.824
NGA,2043,5-9,5,18528.237,18017.133,36545.37
NGA,2043,10-14,10,17683.307,17094.612,34777.92
NGA,2043,15-19,15,16776.601,16156.856,32933.457
NGA,2043,20-24,20,16139.832,15527.904,31667.735
NGA,2043,25-29,25,15572.647,14989.827,30562.474
NGA,2043,30-34,30,13923.435,13353.563,27276.998
NGA,2043,35-39,35,11512.588,10980.633,22493.222
NGA,2043,40-44,40,8867.244,8431.129,17298.374
NGA,2043,45-49,45,6999.251,6675.221,13674.472
NGA,2043,50-54,50,5790.657,5608.06,11398.717
NGA,2043,55-59,55,4814.443,4759.049,9573.492
NGA,2043,60-64,60,3939.273,3954.173,7893.447
NGA,2043,65-69,65,2857.823,2918.97,5776.793
NGA,2043,70-74,70,1797.79,1870.187,3667.976
NGA,2043,75-79,75,1005.752,1076.7,2082.452
NGA,2043,80-84,80,455.344,512.891,968.236
NGA,2043,85-89,85,146.618,178.482,325.101
NGA,2043,90-94,90,27.524,39.288,66.813
NGA,2043,95-99,95,2.733,4.886,7.619
NGA,2043,100+,100,0.133,0.319,0.451
NGA,2053,0-4,0,19146.885,18669.196,37816.08
NGA,2053,5-9,5,18648.563,18149.835,36798.397
NGA,2053,10-14,10,18427.766,17855.69,36283.455
NGA,2053,15-19,15,18125.816,17518.588,35644.404
NGA,2053,20-24,20,17979.668,17355.791,35335.459
NGA,2053,25-29,25,16866.561,16248.858,33115.419
NGA,2053,30-34,30,15132.51,14517.727,29650.236
NGA,2053,35-39,35,14169.465,13563.582,27733.046
NGA,2053,40-44,40,12665.256,12091.907,24757.163
NGA,2053,45-49,45,10415.439,9936.29,20351.729
NGA,2053,50-54,50,7893.404,7572.747,15466.15
NGA,2053,55-59,55,6051.062,5871.006,11922.067
NGA,2053,60-64,60,4774.815,4727.17,9501.985
NGA,2053,65-69,65,3652.709,3703.488,7356.197
NGA,2053,70-74,70,2598.394,2678.529,5276.923
NGA,2053,75-79,75,1500.474,1584.258,3084.733
NGA,2053,80-84,80,654.063,717.053,1371.116
NGA,2053,85-89,85,207.89,244.891,452.781
NGA,2053,90-94,90,39.839,55.275,95.114
NGA,2053,95-99,95,3.856,6.969,10.825
NGA,2053,100+,100,0.184,0.459,0.643
CHN,2023,0-4,0,30646.091,27396.363,58042.454
CHN,2023,5-9,5,47316.512,41306.897,88623.409
CHN,2023,10-14,10,48098.978,41236.461,89335.439
CHN,2023,15-19,15,43987.024,37495.965,81482.989
CHN,2023,20-24,20,43049.549,36913.978,79963.527
CHN,2023,25-29,25,46384.156,40522.375,86906.531
CHN,2023,30-34,30,59064.348,53306.394,112370.742
CHN,2023,35-39,35,58654.069,54566.572,113220.641
CHN,2023,40-44,40,50550.641,48059.175,98609.815
CHN,2023,45-49,45,50268.941,48570.779,98839.72
CHN,2023,50-54,50,61804.111,60940.792,122744.903
CHN,2023,55-59,55,56769.872,57304.248,114074.12
CHN,2023,60-64,60,36622.914,38089.368,74712.281
CHN,2023,65-69,65,36332.985,40019.253,76352.238
CHN,2023,70-74,70,26900.598,31787.933,58688.531
CHN,2023,75-79,75,15178.97,18523.732,33702.702
CHN,2023,80-84,80,8477.787,11679.412,20157.198
CHN,2023,85-89,85,3949.941,6688.861,10638.801
CHN,2023,90-94,90,1047.562,2454.771,3502.334
CHN,2023,95-99,95,115.856,461.379,577.236
CHN,2023,100+,100,2.384,36.937,39.321
CHN,2033,0-4,0,21519.854,20011.372,41531.226
CHN,2033,5-9,5,22420.714,20456.459,42877.172
CHN,2033,10-14,10,30484.886,27233.571,57718.457
CHN,2033,15-19,15,47036.959,41066.328,88103.288
CHN,2033,20-24,20,47343.739,40511.963,87855.702
CHN,2033,25-29,25,43140.171,36684.421,79824.593
CHN,2033,30-34,30,42696.842,36668.202,79365.044
CHN,2033,35-39,35,46148.11,40463.475,86611.585
CHN,2033,40-44,40,58492.211,53056.361,111548.573
CHN,2033,45-49,45,57676.639,54104.227,111780.867
CHN,2033,50-54,50,49103.334,47385.099,96488.434
CHN,2033,55-59,55,47913.793,47477.293,95391.086
CHN,2033,60-64,60,57292.76,58805.058,116097.818
CHN,2033,65-69,65,50061.334,53933.221,103994.554
CHN,2033,70-74,70,30024.118,34370.259,64394.376
CHN,2033,75-79,75,26265.526,33239.094,59504.62
CHN,2033,80-84,80,15765.689,22778.667,38544.356
CHN,2033,85-89,85,6010.693,9886.564,15897.256
CHN,2033,90-94,90,1686.47,3700.015,5386.484
CHN,2033,95-99,95,237.949,848.846,1086.795
CHN,2033,100+,100,9.539,84.695,94.234
CHN,2043,0-4,0,22227.109,20898.867,43125.976
CHN,2043,5-9,5,21625.201,20250.68,41875.881
CHN,2043,10-14,10,21418.224,19891.036,41309.26
CHN,2043,15-19,15,22253.251,20282.501,42535.753
CHN,2043,20-24,20,29863.588,26590.676,56454.263
CHN,2043,25-29,25,46252.585,40285.592,86538.178
CHN,2043,30-34,30,47051.221,40288.965,87340.186
CHN,2043,35-39,35,43066.257,36722.221,79788.479
CHN,2043,40-44,40,42470.207,36608.882,79079.088
CHN,2043,45-49,45,45586.505,40217.797,85804.303
CHN,2043,50-54,50,57167.98,52438.98,109606.959
CHN,2043,55-59,55,55601.018,53119.751,108720.769
CHN,2043,60-64,60,46309.675,46028.723,92338.398
CHN,2043,65-69,65,43390.55,45148.88,88539.43
CHN,2043,70-74,70,48800.629,53883.535,102684.163
CHN,2043,75-79,75,38599.969,46158.837,84758.806
CHN,2043,80-84,80,19523.993,25959.992,45483.984
CHN,2043,85-89,85,11952.754,19098.65,31051.405
CHN,2043,90-94,90,3973.841,8324.743,12298.585
CHN,2043,95-99,95,508.685,1560.27,2068.954
CHN,2043,100+,100,23.535,164.443,187.978
CHN,2053,0-4,0,18443.742,17368.488,35812.23
CHN,2053,5-9,5,21530.04,20250.902,41780.942
CHN,2053,10-14,10,22143.64,20794.334,42937.974
CHN,2053,15-19,15,21482.673,20095.774,41578.447
CHN,2053,20-24,20,20876.699,19309.907,40186.605
CHN,2053,25-29,25,21636.524,19614.214,41250.738
CHN,2053,30-34,30,29717.169,26447.605,56164.774
CHN,2053,35-39,35,46223.599,40335.078,86558.677
CHN,2053,40-44,40,46874.838,40244.652,87119.49
CHN,2053,45-49,45,42678.079,36554.556,79232.635
CHN,2053,50-54,50,41735.849,36270.906,78006.754
CHN,2053,55-59,55,44269.941,39601.829,83871.769
CHN,2053,60-64,60,54523.323,51161.604,105684.928
CHN,2053,65-69,65,51502.499,51004.683,102507.182
CHN,2053,70-74,70,40805.173,42830.208,83635.381
CHN,2053,75-79,75,35074.215,39522.075,74596.29
CHN,2053,80-84,80,33786.267,41962.624,75748.891
CHN,2053,85-89,85,19770.681,28394.161,48164.842
CHN,2053,90-94,90,6024.289,10737.438,16761.727
CHN,2053,95-99,95,1285.325,3485.807,4771.133
CHN,2053,100+,100,83.491,474.953,558.444
JPN,2023,0-4,0,2122.562,2019.557,4142.119
JPN,2023,5-9,5,2537.648,2402.838,4940.486
JPN,2023,10-14,10,2779.633,2626.093,5405.727
JPN,2023,15-19,15,2916.809,2753.302,5670.111
JPN,2023,20-24,20,3112.454,2960.454,6072.908
JPN,2023,25-29,25,3104.387,2981.504,6085.891
JPN,2023,30-34,30,3135.96,3015.003,6150.963
JPN,2023,35-39,35,3492.253,3384.746,6876.999
JPN,2023,40-44,40,3866.647,3789.757,7656.404
JPN,2023,45-49,45,4672.375,4596.334,9268.709
JPN,2023,50-54,50,4873.843,4774.956,9648.799
JPN,2023,55-59,55,4130.99,4019.106,8150.096
JPN,2023,60-64,60,3790.116,3745.313,7535.429
JPN,2023,65-69,65,3641.615,3741.251,7382.865
JPN,2023,70-74,70,4172.907,4572.169,8745.076
JPN,2023,75-79,75,3561.905,4240.906,7802.811
JPN,2023,80-84,80,2601.843,3538.749,6140.592
JPN,2023,85-89,85,1461.592,2504.838,3966.43
JPN,2023,90-94,90,580.399,1421.895,2002.294
JPN,2023,95-99,95,127.332,478.877,606.21
JPN,2023,100+,100,16.703,103.321,120.024
JPN,2033,0-4,0,1944.564,1859.644,3804.209
JPN,2033,5-9,5,1949.521,1873.658,3823.178
JPN,2033,10-14,10,2156.874,2067.901,4224.775
JPN,2033,15-19,15,2606.72,2487.159,5093.879
JPN,2033,20-24,20,3097.932,2988.519,6086.452
JPN,2033,25-29,25,3247.789,3143.601,6391.39
JPN,2033,30-34,30,3097.912,2980.18,6078.093
JPN,2033,35-39,35,2966.452,2861.084,5827.535
JPN,2033,40-44,40,3030.756,2925.149,5955.905
JPN,2033,45-49,45,3410.149,3322.662,6732.811
JPN,2033,50-54,50,3778.412,3733.898,7512.31
JPN,2033,55-59,55,4533.477,4522.766,9056.243
JPN,2033,60-64,60,4659.454,4677.072,9336.526
JPN,2033,65-69,65,3846.052,3903.676,7749.729
JPN,2033,70-74,70,3380.14,3581.826,6961.967
JPN,2033,75-79,75,3031.391,3472.445,6503.836
JPN,2033,80-84,80,3049.869,3967.644,7017.513
JPN,2033,85-89,85,2045.225,3208.218,5253.443
JPN,2033,90-94,90,907.055,1931.428,2838.483
JPN,2033,95-99,95,224.802,718.883,943.684
JPN,2033,100+,100,28.993,151.522,180.515
JPN,2043,0-4,0,2029.573,1940.335,3969.908
JPN,2043,5-9,5,2018.566,1939.351,3957.917
JPN,2043,10-14,10,1975.991,1905.15,3881.14
JPN,2043,15-19,15,2014.832,1953.611,3968.443
JPN,2043,20-24,20,2457.017,2408.872,4865.889
JPN,2043,25-29,25,2933.345,2870.175,5803.52
JPN,2043,30-34,30,3096.586,3021.269,6117.855
JPN,2043,35-39,35,3103.287,3016.025,6119.313
JPN,2043,40-44,40,2986.923,2883.414,5870.337
JPN,2043,45-49,45,2888.173,2799.281,5687.454
JPN,2043,50-54,50,2959.985,2878.898,5838.883
JPN,2043,55-59,55,3316.994,3273.93,6590.923
JPN,2043,60-64,60,3631.207,3669.091,7300.298
JPN,2043,65-69,65,4260.225,4414.659,8674.884
JPN,2043,70-74,70,4228.312,4511.185,8739.497
JPN,2043,75-79,75,3297.402,3679.253,6976.655
JPN,2043,80-84,80,2600.038,3201.244,5801.283
JPN,2043,85-89,85,1844.229,2728.03,4572.258
JPN,2043,90-94,90,1165.431,2311.349,3476.78
JPN,2043,95-99,95,380.518,1082.61,1463.128
JPN,2043,100+,100,53.602,242.411,296.012
JPN,2053,0-4,0,1863.027,1781.847,3644.874
JPN,2053,5-9,5,2001.747,1922.711,3924.459
JPN,2053,10-14,10,2060.731,1984.855,4045.587
JPN,2053,15-19,15,2081.115,2015.733,4096.847
JPN,2053,20-24,20,2260.068,2227.343,4487.412
JPN,2053,25-29,25,2326.825,2317.417,4644.242
JPN,2053,30-34,30,2462.686,2445.202,4907.887
JPN,2053,35-39,35,2803.206,2755.153,5558.359
JPN,2053,40-44,40,2995.912,2933.72,5929.632
JPN,2053,45-49,45,3032.258,2960.637,5992.896
JPN,2053,50-54,50,2925.626,2844.231,5769.858
JPN,2053,55-59,55,2818.633,2764.414,5583.047
JPN,2053,60-64,60,2860.45,2838.59,5699.04
JPN,2053,65-69,65,3146.527,3212.425,6358.952
JPN,2053,70-74,70,3341.476,3565.422,6906.898
JPN,2053,75-79,75,3734.101,4209.047,7943.148
JPN,2053,80-84,80,3387.77,4126.113,7513.883
JPN,2053,85-89,85,2150.595,3021.909,5172.504
JPN,2053,90-94,90,1113.197,2029.122,3142.32
JPN,2053,95-99,95,374.89,992.155,1367.045
JPN,2053,100+,100,79.187,332.81,411.997
BGD,2023,0-4,0,8451.171,8053.899,16505.069
BGD,2023,5-9,5,8089.646,7586.51,15676.156
BGD,2023,10-14,10,8594.037,7854.289,16448.326
BGD,2023,15-19,15,8535.908,8609.734,17145.642
BGD,2023,20-24,20,7295.364,8600.067,15895.431
BGD,2023,25-29,25,6805.181,8238.307,15043.487
BGD,2023,30-34,30,5964.141,6821.173,12785.315
BGD,2023,35-39,35,6050.52,6759.997,12810.517
BGD,2023,40-44,40,5428.01,5433.696,10861.706
BGD,2023,45-49,45,4357.365,4346.653,8704.019
BGD,2023,50-54,50,3682.736,3767.233,7449.97
BGD,2023,55-59,55,3161.822,3049.343,6211.165
BGD,2023,60-64,60,2650.737,2441.798,5092.535
BGD,2023,65-69,65,2134.599,1965.468,4100.068
BGD,2023,70-74,70,1441.622,1531.418,2973.041
BGD,2023,75-79,75,948.699,1045.398,1994.097
BGD,2023,80-84,80,504.849,609.169,1114.018
BGD,2023,85-89,85,202.17,284.291,486.462
BGD,2023,90-94,90,52.681,93.374,146.055
BGD,2023,95-99,95,6.302,16.456,22.759
BGD,2023,100+,100,0.152,1.002,1.155
BGD,2033,0-4,0,8121.868,7763.954,15885.823
BGD,2033,5-9,5,8510.041,8141.203,16651.245
BGD,2033,10-14,10,8339.652,7958.39,16298.041
BGD,2033,15-19,15,7970.753,7491.64,15462.393
BGD,2033,20-24,20,8282.117,7623.556,15905.673
BGD,2033,25-29,25,8045.882,8252.112,16297.994
BGD,2033,30-34,30,6850.399,8276.004,15126.403
BGD,2033,35-39,35,6467.939,7989.684,14457.622
BGD,2033,40-44,40,5710.43,6625.057,12335.487
BGD,2033,45-49,45,5808.256,6563.204,12371.46
BGD,2033,50-54,50,5149.231,5231.011,10380.242
BGD,2033,55-59,55,4021.236,4120.549,8141.785
BGD,2033,60-64,60,3265.918,3501.458,6767.376
BGD,2033,65-69,65,2683.226,2731.302,5414.528
BGD,2033,70-74,70,2101.389,2056.136,4157.525
BGD,2033,75-79,75,1480.95,1502.309,2983.258
BGD,2033,80-84,80,810.896,1001.916,1812.812
BGD,2033,85-89,85,376.084,522.273,898.356
BGD,2033,90-94,90,112.162,192.84,305.002
BGD,2033,95-99,95,17.145,41.574,58.719
BGD,2033,100+,100,1.058,4.383,5.441
BGD,2043,0-4,0,7165.024,6849.693,14014.717
BGD,2043,5-9,5,7518.632,7194.48,14713.112
BGD,2043,10-14,10,8034.246,7691.731,15725.977
BGD,2043,15-19,15,8402.565,8055.967,16458.532
BGD,2043,20-24,20,8039.336,7736.535,15775.871
BGD,2043,25-29,25,7510.632,7159.816,14670.448
BGD,2043,30-34,30,7885.122,7339.417,15224.539
BGD,2043,35-39,35,7763.861,8043.747,15807.608
BGD,2043,40-44,40,6639.983,8099.607,14739.59
BGD,2043,45-49,45,6267.658,7808.592,14076.249
BGD,2043,50-54,50,5475.994,6429.318,11905.313
BGD,2043,55-59,55,5455.88,6298.486,11754.366
BGD,2043,60-64,60,4686.581,4939.842,9626.423
BGD,2043,65-69,65,3520.553,3773.445,7293.998
BGD,2043,70-74,70,2694.339,3044.108,5738.447
BGD,2043,75-79,75,1972.565,2185.735,4158.3
BGD,2043,80-84,80,1276.771,1427.647,2704.418
BGD,2043,85-89,85,651.685,810.043,1461.728
BGD,2043,90-94,90,206.44,352.463,558.903
BGD,2043,95-99,95,37.153,86.445,123.598
BGD,2043,100+,100,2.74,10.607,13.348
BGD,2053,0-4,0,6900.993,6592.132,13493.125
BGD,2053,5-9,5,6961.497,6659.699,13621.195
BGD,2053,10-14,10,7092.056,6790.587,13882.642
BGD,2053,15-19,15,7423.977,7120.837,14544.815
BGD,2053,20-24,20,7745.632,7479.932,15225.564
BGD,2053,25-29,25,7956.766,7733.449,15690.215
BGD,2053,30-34,30,7672.927,7470.852,15143.78
BGD,2053,35-39,35,7263.751,6979.086,14242.836
BGD,2053,40-44,40,7691.708,7191.952,14883.659
BGD,2053,45-49,45,7575.172,7886.502,15461.674
BGD,2053,50-54,50,6422.058,7904.355,14326.414
BGD,2053,55-59,55,5960.698,7551.006,13511.703
BGD,2053,60-64,60,5075.787,6134.262,11210.049
BGD,2053,65-69,65,4904.983,5864.739,10769.721
BGD,2053,70-74,70,4015.656,4407.333,8422.989
BGD,2053,75-79,75,2734.896,3127.745,5862.641
BGD,2053,80-84,80,1770.331,2222.897,3993.227
BGD,2053,85-89,85,966.939,1268.743,2235.682
BGD,2053,90-94,90,373.772,551.814,925.586
BGD,2053,95-99,95,78.781,152.473,231.255
BGD,2053,100+,100,6.569,23.187,29.756
IND,2023,0-4,0,59504.265,55160.391,114664.656
IND,2023,5-9,5,62466.007,57274.751,119740.758
IND,2023,10-14,10,65911.757,60020.823,125932.58
IND,2023,15-19,15,67199.76,61048.751,128248.511
IND,2023,20-24,20,67982.582,61645.151,129627.734
IND,2023,25-29,25,64763.212,58856.179,123619.391
IND,2023,30-34,30,61296.086,56475.213,117771.299
IND,2023,35-39,35,57104.7,52815.123,109919.822
IND,2023,40-44,40,50308.226,46820.957,97129.183
IND,2023,45-49,45,43441.588,41153.459,84595.048
IND,2023,50-54,50,37281.135,36015.162,73296.297
IND,2023,55-59,55,31457.519,30831.921,62289.44
IND,2023,60-64,60,25884.769,25809.183,51693.953
IND,2023,65-69,65,20034.388,20620.793,40655.181
IND,2023,70-74,70,13483.549,14502.303,27985.852
IND,2023,75-79,75,7352.82,8590.918,15943.738
IND,2023,80-84,80,3952.014,5030.4,8982.414
IND,2023,85-89,85,1781.897,2512.343,4294.239
IND,2023,90-94,90,557.61,821.604,1379.214
IND,2023,95-99,95,108.364,163.178,271.541
IND,2023,100+,100,11.017,17.727,28.744
IND,2033,0-4,0,56547.989,53417.789,109965.777
IND,2033,5-9,5,57677.321,54009.414,111686.734
IND,2033,10-14,10,59004.33,54654.642,113658.972
IND,2033,15-19,15,62002.769,56849.821,118852.59
IND,2033,20-24,20,64762.237,59008.906,123771.144
IND,2033,25-29,25,65762.865,59817.774,125580.639
IND,2033,30-34,30,66955.635,60858.003,127813.638
IND,2033,35-39,35,63726.141,58238.468,121964.609
IND,2033,40-44,40,59841.183,55692.193,115533.376
IND,2033,45-49,45,55103.549,51737.838,106841.387
IND,2033,50-54,50,47743.727,45330.393,93074.12
IND,2033,55-59,55,40076.077,38968.234,79044.311
IND,2033,60-64,60,32858.906,32959.412,65818.317
IND,2033,65-69,65,25996.679,26818.422,52815.101
IND,2033,70-74,70,19342.28,20683.772,40026.052
IND,2033,75-79,75,12852.129,14533.065,27385.194
IND,2033,80-84,80,6944.298,8366.447,15310.745
IND,2033,85-89,85,2723.356,3608.41,6331.766
IND,2033,90-94,90,909.719,1312.41,2222.13
IND,2033,95-99,95,214.421,333.808,548.229
IND,2033,100+,100,30.358,48.893,79.251
IND,2043,0-4,0,52123.632,49561.982,101685.614
IND,2043,5-9,5,54353.05,51550.933,105903.984
IND,2043,10-14,10,56171.355,53039.351,109210.706
IND,2043,15-19,15,57289.889,53648.892,110938.781
IND,2043,20-24,20,57936.16,53709.915,111646.075
IND,2043,25-29,25,60673.613,55695.037,116368.65
IND,2043,30-34,30,63945.414,58366.395,122311.809
IND,2043,35-39,35,64987.939,59380.478,124368.417
IND,2043,40-44,40,65686.445,60210.594,125897.039
IND,2043,45-49,45,61867.226,57269.043,119136.268
IND,2043,50-54,50,57248.01,54217.501,111465.511
IND,2043,55-59,55,51432.354,49447.16,100879.515
IND,2043,60-64,60,42835.493,42119.673,84955.166
IND,2043,65-69,65,33982.287,34713.659,68695.946
IND,2043,70-74,70,25467.865,27367.953,52835.819
IND,2043,75-79,75,17523.274,19870.518,37393.793
IND,2043,80-84,80,10565.784,12737.758,23303.543
IND,2043,85-89,85,5096.641,6653.936,11750.576
IND,2043,90-94,90,1720.732,2435.125,4155.857
IND,2043,95-99,95,344.577,531.782,876.359
IND,2043,100+,100,50.318,85.526,135.844
IND,2053,0-4,0,47885.454,45563.347,93448.8
IND,2053,5-9,5,49588.734,47157.652,96746.386
IND,2053,10-14,10,51829.152,49255.753,101084.905
IND,2053,15-19,15,54014.067,51228.152,105242.219
IND,2053,20-24,20,55154.615,52128.569,107283.183
IND,2053,25-29,25,56054.406,52545.13,108599.537
IND,2053,30-34,30,57304.702,53169.973,110474.674
IND,2053,35-39,35,60143.815,55382.257,115526.072
IND,2053,40-44,40,62972.173,57859.942,120832.115
IND,2053,45-49,45,63409.505,58547.283,121956.787
IND,2053,50-54,50,63284.642,58862.745,122147.387
IND,2053,55-59,55,58356.857,55131.925,113488.783
IND,2053,60-64,60,52184.822,50984.237,103169.059
IND,2053,65-69,65,44638.198,44885.141,89523.339
IND,2053,70-74,70,34335.137,35989.641,70324.778
IND,2053,75-79,75,23996.955,26810.856,50807.811
IND,2053,80-84,80,14775.783,17858.23,32634.013
IND,2053,85-89,85,7454.627,9811.429,17266.055
IND,2053,90-94,90,2806.113,4053.326,6859.439
IND,2053,95-99,95,686.76,1089.963,1776.722
IND,2053,100+,100,98.382,174.993,273.374
ISR,2023,0-4,0,448.983,426.45,875.433
ISR,2023,5-9,5,446.646,422.49,869.135
ISR,2023,10-14,10,415.644,395.884,811.528
ISR,2023,15-19,15,375.341,357.664,733.005
ISR,2023,20-24,20,351.567,337.066,688.634
ISR,2023,25-29,25,321.667,310.419,632.086
ISR,2023,30-34,30,303.947,297.257,601.203
ISR,2023,35-39,35,290.395,289.502,579.898
ISR,2023,40-44,40,275.216,278.186,553.403
ISR,2023,45-49,45,263.605,268.055,531.659
ISR,2023,50-54,50,231.384,237.95,469.334
ISR,2023,55-59,55,193.387,201.185,394.572
ISR,2023,60-64,60,175.416,191.773,367.188
ISR,2023,65-69,65,160.058,181.179,341.236
ISR,2023,70-74,70,142.972,167.354,310.327
ISR,2023,75-79,75,101.094,124.51,225.604
ISR,2023,80-84,80,54.056,74.407,128.463
ISR,2023,85-89,85,35.309,53.583,88.891
ISR,2023,90-94,90,14.547,24.55,39.096
ISR,2023,95-99,95,4.588,8.361,12.949
ISR,2023,100+,100,1.087,1.584,2.671
ISR,2033,0-4,0,458.505,434.566,893.071
ISR,2033,5-9,5,444.959,422.225,867.183
ISR,2033,10-14,10,452.657,430.167,882.824
ISR,2033,15-19,15,453.203,429.481,882.684
ISR,2033,20-24,20,443.81,426.329,870.14
ISR,2033,25-29,25,404.166,388.832,792.997
ISR,2033,30-34,30,352.384,338.207,690.591
ISR,2033,35-39,35,312.182,300.677,612.859
ISR,2033,40-44,40,296.446,289.859,586.305
ISR,2033,45-49,45,284.413,284.391,568.804
ISR,2033,50-54,50,268.839,273.853,542.692
ISR,2033,55-59,55,254.831,262.993,517.824
ISR,2033,60-64,60,219.82,231.541,451.361
ISR,2033,65-69,65,178.509,192.651,371.16
ISR,2033,70-74,70,154.427,178.419,332.846
ISR,2033,75-79,75,129.373,159.577,288.949
ISR,2033,80-84,80,98.921,131.148,230.069
ISR,2033,85-89,85,54.172,77.856,132.027
ISR,2033,90-94,90,17.936,29.402,47.339
ISR,2033,95-99,95,6.621,11.505,18.125
ISR,2033,100+,100,1.361,2.352,3.712
ISR,2043,0-4,0,519.073,491.692,1010.765
ISR,2043,5-9,5,491.186,465.493,956.679
ISR,2043,10-14,10,463.436,439.488,902.924
ISR,2043,15-19,15,453.123,430.802,883.924
ISR,2043,20-24,20,485.813,465.739,951.552
ISR,2043,25-29,25,488.898,467.759,956.657
ISR,2043,30-34,30,447.5,430.315,877.814
ISR,2043,35-39,35,393.433,377.571,771.004
ISR,2043,40-44,40,343.813,329.492,673.305
ISR,2043,45-49,45,305.922,295.038,600.96
ISR,2043,50-54,50,290.288,285.513,575.801
ISR,2043,55-59,55,276.344,279.674,556.018
ISR,2043,60-64,60,257.545,267.606,525.15
ISR,2043,65-69,65,238.431,253.581,492.012
ISR,2043,70-74,70,197.905,218.058,415.962
ISR,2043,75-79,75,149.476,173.127,322.603
ISR,2043,80-84,80,112.468,144.19,256.659
ISR,2043,85-89,85,73.49,103.34,176.83
ISR,2043,90-94,90,36.664,56.646,93.311
ISR,2043,95-99,95,11.688,18.942,30.63
ISR,2043,100+,100,1.967,3.254,5.221
ISR,2053,0-4,0,546.322,517.433,1063.755
ISR,2053,5-9,5,542.49,513.837,1056.328
ISR,2053,10-14,10,524.558,497.123,1021.681
ISR,2053,15-19,15,500.338,475.05,975.389
ISR,2053,20-24,20,500.659,479.208,979.867
ISR,2053,25-29,25,493.041,473.245,966.286
ISR,2053,30-34,30,489.558,469.528,959.087
ISR,2053,35-39,35,476.539,454.679,931.218
ISR,2053,40-44,40,437.663,420.259,857.922
ISR,2053,45-49,45,386.356,371.132,757.488
ISR,2053,50-54,50,337.421,324.893,662.313
ISR,2053,55-59,55,298.373,290.67,589.043
ISR,2053,60-64,60,279.868,279.964,559.832
ISR,2053,65-69,65,261.252,271.286,532.538
ISR,2053,70-74,70,235.628,254.476,490.104
ISR,2053,75-79,75,204.92,231.665,436.584
ISR,2053,80-84,80,150.667,181.883,332.55
ISR,2053,85-89,85,90.443,117.923,208.366
ISR,2053,90-94,90,45.133,66.68,111.813
ISR,2053,95-99,95,17.192,26.95,44.142
ISR,2053,100+,100,4.619,7.242,11.861
TUR,2023,0-4,0,2932.953,2813.409,5746.361
TUR,2023,5-9,5,3385.186,3268.559,6653.744
TUR,2023,10-14,10,3389.648,3269.887,6659.535
TUR,2023,15-19,15,3208.646,3079.836,6288.482
TUR,2023,20-24,20,3478.963,3334.256,6813.219
TUR,2023,25-29,25,3501.23,3345.348,6846.578
TUR,2023,30-34,30,3336.376,3222.577,6558.953
TUR,2023,35-39,35,3279.576,3203.251,6482.827
TUR,2023,40-44,40,3376.185,3331.202,6707.387
TUR,2023,45-49,45,3048.972,3051.581,6100.552
TUR,2023,50-54,50,2496.655,2471.276,4967.931
TUR,2023,55-59,55,2381.784,2416.53,4798.314
TUR,2023,60-64,60,1916.284,2002.387,3918.67
TUR,2023,65-69,65,1542.669,1691.251,3233.92
TUR,2023,70-74,70,1095.744,1324.947,2420.69
TUR,2023,75-79,75,640.391,864.045,1504.437
TUR,2023,80-84,80,349.267,550.896,900.163
TUR,2023,85-89,85,162.527,300.55,463.077
TUR,2023,90-94,90,48.285,119.807,168.093
TUR,2023,95-99,95,6.051,29.137,35.188
TUR,2023,100+,100,0.153,2.225,2.378
TUR,2033,0-4,0,2530.044,2413.441,4943.486
TUR,2033,5-9,5,2596.592,2471.854,5068.446
TUR,2033,10-14,10,2865.823,2745.076,5610.899
TUR,2033,15-19,15,3301.086,3184.198,6485.284
TUR,2033,20-24,20,3101.418,2980.682,6082.1
TUR,2033,25-29,25,2878.247,2748.661,5626.908
TUR,2033,30-34,30,3379.635,3239.751,6619.386
TUR,2033,35-39,35,3498.065,3352.189,6850.253
TUR,2033,40-44,40,3316.923,3218.8,6535.722
TUR,2033,45-49,45,3227.438,3178.751,6406.189
TUR,2033,50-54,50,3275.498,3282.95,6558.448
TUR,2033,55-59,55,2891.349,2979.403,5870.752
TUR,2033,60-64,60,2277.505,2375.144,4652.649
TUR,2033,65-69,65,2043.319,2253.215,4296.533
TUR,2033,70-74,70,1519.523,1773.315,3292.838
TUR,2033,75-79,75,1086.818,1362.858,2449.675
TUR,2033,80-84,80,602.625,902.446,1505.071
TUR,2033,85-89,85,207.714,433.291,641.005
TUR,2033,90-94,90,51.021,165.686,216.708
TUR,2033,95-99,95,8.074,41.804,49.879
TUR,2033,100+,100,0.65,5.959,6.609
TUR,2043,0-4,0,2377.168,2268.041,4645.208
TUR,2043,5-9,5,2420.004,2307.236,4727.24
TUR,2043,10-14,10,2497.55,2379.693,4877.243
TUR,2043,15-19,15,2536.343,2410.97,4947.314
TUR,2043,20-24,20,2605.287,2482.706,5087.992
TUR,2043,25-29,25,3016.823,2899.157,5915.979
TUR,2043,30-34,30,3078.269,2960.819,6039.087
TUR,2043,35-39,35,2963.002,2839.903,5802.905
TUR,2043,40-44,40,3422.412,3294.726,6717.137
TUR,2043,45-49,45,3490.048,3366.724,6856.771
TUR,2043,50-54,50,3260.427,3202.001,6462.428
TUR,2043,55-59,55,3107.345,3129.795,6237.14
TUR,2043,60-64,60,3055.106,3187.288,6242.395
TUR,2043,65-69,65,2570.983,2821.428,5392.41
TUR,2043,70-74,70,1895.939,2150.983,4046.921
TUR,2043,75-79,75,1540.486,1882.024,3422.509
TUR,2043,80-84,80,925.252,1276.438,2201.69
TUR,2043,85-89,85,414.414,736.851,1151.264
TUR,2043,90-94,90,115.195,309.067,424.262
TUR,2043,95-99,95,14.573,71.291,85.864
TUR,2043,100+,100,0.963,9.961,10.925
TUR,2053,0-4,0,2123.819,2026.239,4150.058
TUR,2053,5-9,5,2288.938,2182.462,4471.4
TUR,2053,10-14,10,2352.703,2242.198,4594.901
TUR,2053,15-19,15,2365.615,2251.949,4617.565
TUR,2053,20-24,20,2244.503,2123.881,4368.384
TUR,2053,25-29,25,2265.735,2137.503,4403.238
TUR,2053,30-34,30,2602.477,2480.978,5083.456
TUR,2053,35-39,35,3119.495,3006.483,6125.977
TUR,2053,40-44,40,3139.369,3029.631,6169.001
TUR,2053,45-49,45,2976.794,2867.649,5844.443
TUR,2053,50-54,50,3382.927,3286.327,6669.253
TUR,2053,55-59,55,3390.526,3326.177,6716.703
TUR,2053,60-64,60,3087.803,3125.27,6213.074
TUR,2053,65-69,65,2830.164,2989.416,5819.581
TUR,2053,70-74,70,2636.615,2930.215,5566.831
TUR,2053,75-79,75,2045.166,2423.941,4469.108
TUR,2053,80-84,80,1250.166,1613.386,2863.552
TUR,2053,85-89,85,679.368,1090.666,1770.034
TUR,2053,90-94,90,219.032,485.803,704.835
TUR,2053,95-99,95,37.846,137.776,175.623
TUR,2053,100+,100,3.038,22.265,25.303
BGR,2023,0-4,0,158.293,149.827,308.12
BGR,2023,5-9,5,170.251,161.168,331.42
BGR,2023,10-14,10,178.952,169.496,348.447
BGR,2023,15-19,15,170.942,161.386,332.329
BGR,2023,20-24,20,163.206,154.399,317.606
BGR,2023,25-29,25,163.519,154.525,318.045
BGR,2023,30-34,30,223.187,211.778,434.965
BGR,2023,35-39,35,247.54,233.308,480.848
BGR,2023,40-44,40,255.206,238.129,493.334
BGR,2023,45-49,45,276.533,264.166,540.699
BGR,2023,50-54,50,257.262,249.731,506.993
BGR,2023,55-59,55,221.75,226.895,448.644
BGR,2023,60-64,60,214.077,236.587,450.664
BGR,2023,65-69,65,195.397,243.28,438.677
BGR,2023,70-74,70,167.359,240.034,407.392
BGR,2023,75-79,75,116.805,193.23,310.034
BGR,2023,80-84,80,64.781,122.6,187.381
BGR,2023,85-89,85,32.349,69.067,101.416
BGR,2023,90-94,90,10.086,23.255,33.341
BGR,2023,95-99,95,1.442,3.665,5.107
BGR,2023,100+,100,0.095,0.245,0.34
BGR,2033,0-4,0,140.562,132.451,273.013
BGR,2033,5-9,5,150.657,141.818,292.476
BGR,2033,10-14,10,156.282,147.648,303.93
BGR,2033,15-19,15,168.065,158.94,327.005
BGR,2033,20-24,20,173.154,163.625,336.779
BGR,2033,25-29,25,163.012,153.421,316.432
BGR,2033,30-34,30,157.905,149.422,307.327
BGR,2033,35-39,35,159.893,151.75,311.644
BGR,2033,40-44,40,218.077,208.744,426.82
BGR,2033,45-49,45,239.435,229.063,468.498
BGR,2033,50-54,50,241.565,231.862,473.426
BGR,2033,55-59,55,252.72,253.995,506.716
BGR,2033,60-64,60,223.331,235.441,458.772
BGR,2033,65-69,65,179.29,207.922,387.212
BGR,2033,70-74,70,157.601,206.943,364.544
BGR,2033,75-79,75,125.963,194.261,320.224
BGR,2033,80-84,80,85.933,157.881,243.814
BGR,2033,85-89,85,40.563,87.337,127.899
BGR,2033,90-94,90,11.229,27.852,39.082
BGR,2033,95-99,95,1.915,5.327,7.242
BGR,2033,100+,100,0.155,0.463,0.618
BGR,2043,0-4,0,131.758,124.1,255.858
BGR,2043,5-9,5,132.959,124.965,257.924
BGR,2043,10-14,10,137.479,129.091,266.57
BGR,2043,15-19,15,147.869,138.879,286.748
BGR,2043,20-24,20,150.303,141.423,291.725
BGR,2043,25-29,25,158.981,149.554,308.535
BGR,2043,30-34,30,165.404,155.883,321.286
BGR,2043,35-39,35,157.41,148.301,305.711
BGR,2043,40-44,40,152.94,145.503,298.442
BGR,2043,45-49,45,154.095,147.937,302.031
BGR,2043,50-54,50,207.245,203.131,410.377
BGR,2043,55-59,55,221.355,220.9,442.255
BGR,2043,60-64,60,213.968,220.06,434.027
BGR,2043,65-69,65,211.017,235.566,446.583
BGR,2043,70-74,70,172.141,209.77,381.911
BGR,2043,75-79,75,123.016,171.149,294.165
BGR,2043,80-84,80,88.192,143.626,231.818
BGR,2043,85-89,85,48.592,94.842,143.434
BGR,2043,90-94,90,17.215,40.66,57.875
BGR,2043,95-99,95,3.03,8.462,11.492
BGR,2043,100+,100,0.214,0.694,0.908
BGR,2053,0-4,0,120.761,113.749,234.51
BGR,2053,5-9,5,126.168,118.606,244.773
BGR,2053,10-14,10,129.218,121.31,250.528
BGR,2053,15-19,15,130.67,122.522,253.192
BGR,2053,20-24,20,132.514,123.864,256.378
BGR,2053,25-29,25,140.417,131.079,271.497
BGR,2053,30-34,30,144.13,135.141,279.271
BGR,2053,35-39,35,154.486,145.418,299.904
BGR,2053,40-44,40,161.249,152.635,313.883
BGR,2053,45-49,45,152.716,145.193,297.909
BGR,2053,50-54,50,146.363,141.886,288.249
BGR,2053,55-59,55,143.965,143.111,287.077
BGR,2053,60-64,60,187.099,194.2,381.299
BGR,2053,65-69,65,190.418,207.18,397.599
BGR,2053,70-74,70,171.89,199.317,371.207
BGR,2053,75-79,75,153.129,199.102,352.231
BGR,2053,80-84,80,103.995,152.266,256.26
BGR,2053,85-89,85,52.991,90.567,143.559
BGR,2053,90-94,90,20.61,42.176,62.786
BGR,2053,95-99,95,4.298,10.666,14.964
BGR,2053,100+,100,0.396,1.226,1.621
ROU,2023,0-4,0,488.414,464.726,953.141
ROU,2023,5-9,5,524.098,501.165,1025.264
ROU,2023,10-14,10,540.028,516.908,1056.935
ROU,2023,15-19,15,553.133,531.202,1084.335
ROU,2023,20-24,20,510.832,490.07,1000.903
ROU,2023,25-29,25,515.437,492.548,1007.986
ROU,2023,30-34,30,609.837,577.166,1187.003
ROU,2023,35-39,35,673.289,630.063,1303.352
ROU,2023,40-44,40,697.474,652.025,1349.499
ROU,2023,45-49,45,768.536,742.662,1511.198
ROU,2023,50-54,50,778.768,773.591,1552.358
ROU,2023,55-59,55,609.831,636.471,1246.303
ROU,2023,60-64,60,490.212,573.49,1063.701
ROU,2023,65-69,65,530.544,694.965,1225.509
ROU,2023,70-74,70,431.632,617.817,1049.449
ROU,2023,75-79,75,254.323,401.628,655.951
ROU,2023,80-84,80,161.297,303.641,464.938
ROU,2023,85-89,85,88.808,186.972,275.781
ROU,2023,90-94,90,28.502,61.09,89.593
ROU,2023,95-99,95,4.878,9.544,14.422
ROU,2023,100+,100,0.383,0.475,0.858
ROU,2033,0-4,0,426.926,404.147,831.073
ROU,2033,5-9,5,442.639,419.139,861.778
ROU,2033,10-14,10,478.55,454.973,933.523
ROU,2033,15-19,15,515.102,492.572,1007.675
ROU,2033,20-24,20,520.464,498.549,1019.013
ROU,2033,25-29,25,523.839,503.81,1027.649
ROU,2033,30-34,30,486.161,467.548,953.709
ROU,2033,35-39,35,496.781,477.008,973.789
ROU,2033,40-44,40,590.569,564.334,1154.903
ROU,2033,45-49,45,647.199,616.546,1263.745
ROU,2033,50-54,50,656.298,634.006,1290.303
ROU,2033,55-59,55,698.734,714.191,1412.925
ROU,2033,60-64,60,670.831,729.879,1400.71
ROU,2033,65-69,65,495.266,585.364,1080.63
ROU,2033,70-74,70,365.363,501.871,867.234
ROU,2033,75-79,75,349.514,557.192,906.706
ROU,2033,80-84,80,228.985,412.781,641.766
ROU,2033,85-89,85,93.76,186.875,280.636
ROU,2033,90-94,90,30.966,65.814,96.78
ROU,2033,95-99,95,6.311,10.938,17.248
ROU,2033,100+,100,0.482,0.591,1.073
ROU,2043,0-4,0,408.973,386.871,795.844
ROU,2043,5-9,5,412.228,389.695,801.923
ROU,2043,10-14,10,417.69,394.933,812.622
ROU,2043,15-19,15,434.336,411.075,845.412
ROU,2043,20-24,20,460.793,438.063,898.856
ROU,2043,25-29,25,488.33,467.266,955.596
ROU,2043,30-34,30,497.632,477.582,975.213
ROU,2043,35-39,35,507.106,489.726,996.833
ROU,2043,40-44,40,471.349,456.909,928.259
ROU,2043,45-49,45,478.655,466.675,945.33
ROU,2043,50-54,50,559.923,550.158,1110.08
ROU,2043,55-59,55,596.73,595.712,1192.442
ROU,2043,60-64,60,577.955,602.677,1180.632
ROU,2043,65-69,65,584.149,663.984,1248.133
ROU,2043,70-74,70,522.687,651.369,1174.056
ROU,2043,75-79,75,349.18,486.779,835.959
ROU,2043,80-84,80,208.593,350.19,558.784
ROU,2043,85-89,85,141.472,278.817,420.288
ROU,2043,90-94,90,51.31,105.519,156.83
ROU,2043,95-99,95,8.033,13.786,21.819
ROU,2043,100+,100,0.608,0.824,1.432
ROU,2053,0-4,0,368.253,348.202,716.455
ROU,2053,5-9,5,388.561,367.163,755.723
ROU,2053,10-14,10,400.842,378.714,779.556
ROU,2053,15-19,15,404.911,382.517,787.428
ROU,2053,20-24,20,401.889,379.659,781.548
ROU,2053,25-29,25,410.742,388.38,799.122
ROU,2053,30-34,30,441.135,419.647,860.783
ROU,2053,35-39,35,474.236,455.12,929.357
ROU,2053,40-44,40,484.83,468.269,953.1
ROU,2053,45-49,45,491.555,480.662,972.217
ROU,2053,50-54,50,450.313,446.486,896.798
ROU,2053,55-59,55,446.259,452.416,898.675
ROU,2053,60-64,60,503.169,526.651,1029.82
ROU,2053,65-69,65,513.949,559.914,1073.864
ROU,2053,70-74,70,468.144,546.488,1014.633
ROU,2053,75-79,75,430.555,563.343,993.898
ROU,2053,80-84,80,320.64,475.161,795.802
ROU,2053,85-89,85,161.117,270.683,431.8
ROU,2053,90-94,90,52.983,99.641,152.625
ROU,2053,95-99,95,14.016,24.281,38.297
ROU,2053,100+,100,1.261,1.764,3.025
GBR,2023,0-4,0,1843.11,1748.453,3591.563
GBR,2023,5-9,5,2099.528,1993.878,4093.405
GBR,2023,10-14,10,2188.708,2083.439,4272.146
GBR,2023,15-19,15,2044.899,1943.542,3988.441
GBR,2023,20-24,20,2055.765,1939.282,3995.047
GBR,2023,25-29,25,2294.193,2179.53,4473.724
GBR,2023,30-34,30,2348.769,2309.577,4658.346
GBR,2023,35-39,35,2257.026,2300.74,4557.766
GBR,2023,40-44,40,2213.642,2260.023,4473.665
GBR,2023,45-49,45,2076.839,2092.11,4168.949
GBR,2023,50-54,50,2242.376,2366.95,4609.325
GBR,2023,55-59,55,2153.084,2340.414,4493.498
GBR,2023,60-64,60,1971.086,2122.686,4093.771
GBR,2023,65-69,65,1710.341,1880.097,3590.438
GBR,2023,70-74,70,1525.427,1701.086,3226.513
GBR,2023,75-79,75,1321.591,1524.494,2846.085
GBR,2023,80-84,80,784.38,995.361,1779.741
GBR,2023,85-89,85,464.06,660.79,1124.851
GBR,2023,90-94,90,177.458,319.622,497.079
GBR,2023,95-99,95,36.892,94.129,131.022
GBR,2023,100+,100,3.421,14.168,17.589
GBR,2033,0-4,0,1791.364,1701.12,3492.485
GBR,2033,5-9,5,1863.446,1772.567,3636.012
GBR,2033,10-14,10,1958.626,1862.738,3821.363
GBR,2033,15-19,15,2216.249,2110.066,4326.315
GBR,2033,20-24,20,2493.286,2389.266,4882.552
GBR,2033,25-29,25,2432.03,2333.419,4765.449
GBR,2033,30-34,30,2261.747,2149.285,4411.033
GBR,2033,35-39,35,2373.39,2265.809,4639.199
GBR,2033,40-44,40,2384.526,2355.741,4740.267
GBR,2033,45-49,45,2267.183,2324.756,4591.94
GBR,2033,50-54,50,2199.624,2264.599,4464.224
GBR,2033,55-59,55,2038.502,2078.199,4116.701
GBR,2033,60-64,60,2155.709,2315.196,4470.905
GBR,2033,65-69,65,2007.011,2242.846,4249.857
GBR,2033,70-74,70,1752.862,1971.541,3724.403
GBR,2033,75-79,75,1396.306,1642.893,3039.2
GBR,2033,80-84,80,1051.248,1310.562,2361.81
GBR,2033,85-89,85,682.774,928.923,1611.698
GBR,2033,90-94,90,229.906,379.579,609.485
GBR,2033,95-99,95,53.755,112.18,165.934
GBR,2033,100+,100,5.478,16.571,22.049
GBR,2043,0-4,0,1909.687,1812.412,3722.099
GBR,2043,5-9,5,1881.89,1788.132,3670.023
GBR,2043,10-14,10,1877.103,1785.599,3662.702
GBR,2043,15-19,15,1956.289,1864.809,3821.097
GBR,2043,20-24,20,2233.096,2137.797,4370.893
GBR,2043,25-29,25,2558.007,2454.006,5012.014
GBR,2043,30-34,30,2637.776,2537.601,5175.377
GBR,2043,35-39,35,2448.849,2355.98,4804.828
GBR,2043,40-44,40,2255.913,2151.756,4407.668
GBR,2043,45-49,45,2355.173,2260.42,4615.592
GBR,2043,50-54,50,2351.807,2339.675,4691.483
GBR,2043,55-59,55,2217.08,2294.049,4511.129
GBR,2043,60-64,60,2119.847,2211.555,4331.401
GBR,2043,65-69,65,1916.85,1996.284,3913.133
GBR,2043,70-74,70,1949.966,2162.183,4112.149
GBR,2043,75-79,75,1691.564,1987.998,3679.563
GBR,2043,80-84,80,1285.553,1569.678,2855.231
GBR,2043,85-89,85,785.098,1050.861,1835.958
GBR,2043,90-94,90,348.624,537.761,886.385
GBR,2043,95-99,95,94.696,176.867,271.563
GBR,2043,100+,100,8.281,21.991,30.271
GBR,2053,0-4,0,1885.053,1788.678,3673.731
GBR,2053,5-9,5,1975.739,1875.997,3851.736
GBR,2053,10-14,10,1978.441,1879.783,3858.224
GBR,2053,15-19,15,1963.028,1868.513,3831.541
GBR,2053,20-24,20,2139.344,2047.893,4187.237
GBR,2053,25-29,25,2273.104,2182.36,4455.464
GBR,2053,30-34,30,2339.854,2246.459,4586.313
GBR,2053,35-39,35,2540.784,2441.48,4982.264
GBR,2053,40-44,40,2608.361,2516.084,5124.446
GBR,2053,45-49,45,2419.628,2337.493,4757.122
GBR,2053,50-54,50,2222.544,2132.195,4354.739
GBR,2053,55-59,55,2306.131,2230.189,4536.321
GBR,2053,60-64,60,2276.419,2289.012,4565.432
GBR,2053,65-69,65,2103.794,2213.495,4317.288
GBR,2053,70-74,70,1950.989,2087.576,4038.565
GBR,2053,75-79,75,1662.054,1801.67,3463.724
GBR,2053,80-84,80,1500.58,1773.703,3274.282
GBR,2053,85-89,85,1026.793,1340.877,2367.669
GBR,2053,90-94,90,481.732,702.053,1183.785
GBR,2053,95-99,95,121.857,217.651,339.508
GBR,2053,100+,100,14.21,34.105,48.314
DEU,2023,0-4,0,2006.612,1901.995,3908.606
DEU,2023,5-9,5,2077.75,1971.503,4049.253
DEU,2023,10-14,10,1957.021,1850.489,3807.51
DEU,2023,15-19,15,1979.764,1865.859,3845.623
DEU,2023,20-24,20,2235.253,2054.088,4289.342
DEU,2023,25-29,25,2544.963,2326.847,4871.81
DEU,2023,30-34,30,2824.461,2639.587,5464.048
DEU,2023,35-39,35,2828.016,2696.111,5524.127
DEU,2023,40-44,40,2695.432,2652.872,5348.303
DEU,2023,45-49,45,2483.69,2468.191,4951.882
DEU,2023,50-54,50,2944.823,2924.117,5868.94
DEU,2023,55-59,55,3480.202,3463.235,6943.438
DEU,2023,60-64,60,3162.422,3244.349,6406.77
DEU,2023,65-69,65,2514.945,2720.64,5235.584
DEU,2023,70-74,70,2067.698,2388.468,4456.166
DEU,2023,75-79,75,1461.484,1781.972,3243.456
DEU,2023,80-84,80,1431.668,1950.508,3382.176
DEU,2023,85-89,85,778.967,1263.695,2042.662
DEU,2023,90-94,90,226.798,487.728,714.525
DEU,2023,95-99,95,41.111,134.742,175.852
DEU,2023,100+,100,2.764,15.395,18.158
DEU,2033,0-4,0,1701.421,1611.791,3313.212
DEU,2033,5-9,5,1826.668,1734.837,3561.505
DEU,2033,10-14,10,2033.021,1931.832,3964.853
DEU,2033,15-19,15,2135.084,2030.302,4165.386
DEU,2033,20-24,20,2212.653,2103.409,4316.061
DEU,2033,25-29,25,2245.744,2134.5,4380.244
DEU,2033,30-34,30,2229.753,2063.716,4293.47
DEU,2033,35-39,35,2437.855,2238.281,4676.136
DEU,2033,40-44,40,2740.923,2574.662,5315.584
DEU,2033,45-49,45,2762.434,2651.6,5414.033
DEU,2033,50-54,50,2626.859,2612.052,5238.912
DEU,2033,55-59,55,2390.18,2417.19,4807.369
DEU,2033,60-64,60,2762.377,2829.478,5591.855
DEU,2033,65-69,65,3142.787,3286.421,6429.208
DEU,2033,70-74,70,2715.419,2990.423,5705.842
DEU,2033,75-79,75,2003.729,2390.303,4394.033
DEU,2033,80-84,80,1424.995,1892.513,3317.508
DEU,2033,85-89,85,737.086,1098.985,1836.071
DEU,2033,90-94,90,387.882,699.702,1087.584
DEU,2033,95-99,95,80.559,186.983,267.542
DEU,2033,100+,100,5.592,17.756,23.348
DEU,2043,0-4,0,1701.793,1610.67,3312.463
DEU,2043,5-9,5,1698.657,1611.537,3310.193
DEU,2043,10-14,10,1754.386,1667.243,3421.628
DEU,2043,15-19,15,1899.124,1808.172,3707.297
DEU,2043,20-24,20,2297.584,2193.046,4490.63
DEU,2043,25-29,25,2444.211,2340.054,4784.265
DEU,2043,30-34,30,2282.41,2184.849,4467.259
DEU,2043,35-39,35,2191.68,2095.224,4286.904
DEU,2043,40-44,40,2180.017,2027.819,4207.837
DEU,2043,45-49,45,2395.69,2212.099,4607.789
DEU,2043,50-54,50,2686.628,2544.495,5231.123
DEU,2043,55-59,55,2676.785,2605.765,5282.551
DEU,2043,60-64,60,2489.517,2538.115,5027.631
DEU,2043,65-69,65,2193.935,2309.703,4503.638
DEU,2043,70-74,70,2429.347,2633.894,5063.242
DEU,2043,75-79,75,2607.67,2939.655,5547.325
DEU,2043,80-84,80,2008.11,2453.508,4461.617
DEU,2043,85-89,85,1130.177,1569.719,2699.896
DEU,2043,90-94,90,458.824,761.941,1220.765
DEU,2043,95-99,95,89.54,179.516,269.055
DEU,2043,100+,100,11.091,27.936,39.027
DEU,2053,0-4,0,1799.234,1702.715,3501.948
DEU,2053,5-9,5,1800.534,1707.172,3507.706
DEU,2053,10-14,10,1757.059,1668.181,3425.24
DEU,2053,15-19,15,1771.93,1685.491,3457.421
DEU,2053,20-24,20,2016.419,1925.443,3941.861
DEU,2053,25-29,25,2209.148,2117.713,4326.86
DEU,2053,30-34,30,2375.405,2281.392,4656.797
DEU,2053,35-39,35,2398.773,2308.39,4707.163
DEU,2053,40-44,40,2239.886,2154.521,4394.407
DEU,2053,45-49,45,2158.915,2074.855,4233.77
DEU,2053,50-54,50,2143.746,2008.71,4152.456
DEU,2053,55-59,55,2333.11,2181.019,4514.13
DEU,2053,60-64,60,2565.028,2482.883,5047.912
DEU,2053,65-69,65,2487.914,2506.22,4994.133
DEU,2053,70-74,70,2238.794,2392.232,4631.026
DEU,2053,75-79,75,1884.296,2108.358,3992.654
DEU,2053,80-84,80,1882.649,2223.378,4106.027
DEU,2053,85-89,85,1589.005,2036.405,3625.41
DEU,2053,90-94,90,734.348,1084.748,1819.097
DEU,2053,95-99,95,161.13,290.964,452.094
DEU,2053,100+,100,15.832,35.916,51.748
MEX,2023,0-4,0,5246.59,5062.836,10309.425
MEX,2023,5-9,5,5470.373,5280.988,10751.361
MEX,2023,10-14,10,5729.975,5537.756,11267.73
MEX,2023,15-19,15,5660.923,5499.269,11160.192
MEX,2023,20-24,20,5548.833,5478.507,11027.34
MEX,2023,25-29,25,5251.815,5342.131,10593.945
MEX,2023,30-34,30,4983.56,5252.276,10235.836
MEX,2023,35-39,35,4448.751,4893.574,9342.325
MEX,2023,40-44,40,3933.214,4587.886,8521.1
MEX,2023,45-49,45,3606.524,4268.758,7875.283
MEX,2023,50-54,50,3305.751,3866.983,7172.734
MEX,2023,55-59,55,2823.01,3306.778,6129.788
MEX,2023,60-64,60,2283.809,2707.035,4990.845
MEX,2023,65-69,65,1721.669,2068.111,3789.781
MEX,2023,70-74,70,1228.711,1509.393,2738.105
MEX,2023,75-79,75,819.875,1043.145,1863.02
MEX,2023,80-84,80,500.586,651.072,1151.658
MEX,2023,85-89,85,249.117,325.351,574.467
MEX,2023,90-94,90,89.269,108.272,197.542
MEX,2023,95-99,95,21.076,21.526,42.602
MEX,2023,100+,100,2.699,1.98,4.68
MEX,2033,0-4,0,4846.883,4679.145,9526.029
MEX,2033,5-9,5,4979.999,4808.779,9788.779
MEX,2033,10-14,10,5195.578,5016.01,10211.587
MEX,2033,15-19,15,5417.115,5238.995,10656.111
MEX,2033,20-24,20,5615.965,5467.605,11083.569
MEX,2033,25-29,25,5468.541,5392.927,10861.468
MEX,2033,30-34,30,5321.895,5360.441,10682.335
MEX,2033,35-39,35,5034.024,5235.457,10269.48
MEX,2033,40-44,40,4772.346,5151.315,9923.662
MEX,2033,45-49,45,4234.502,4783.017,9017.52
MEX,2033,50-54,50,3701.539,4449.003,8150.542
MEX,2033,55-59,55,3327.345,4081.499,7408.843
MEX,2033,60-64,60,2953.878,3613.041,6566.918
MEX,2033,65-69,65,2411.329,2984.742,5396.072
MEX,2033,70-74,70,1824.792,2319.311,4144.102
MEX,2033,75-79,75,1232.049,1619.185,2851.233
MEX,2033,80-84,80,735.152,993.109,1728.261
MEX,2033,85-89,85,368.477,494.236,862.713
MEX,2033,90-94,90,145.154,178.943,324.097
MEX,2033,95-99,95,38.765,39.602,78.368
MEX,2033,100+,100,5.943,4.453,10.396
MEX,2043,0-4,0,4524.014,4364.065,8888.078
MEX,2043,5-9,5,4674.445,4512.164,9186.609
MEX,2043,10-14,10,4799.199,4635.226,9434.425
MEX,2043,15-19,15,4932.439,4769.801,9702.24
MEX,2043,20-24,20,5099.231,4952.106,10051.337
MEX,2043,25-29,25,5251.527,5140.292,10391.818
MEX,2043,30-34,30,5415.158,5356.303,10771.461
MEX,2043,35-39,35,5272.958,5292.502,10565.46
MEX,2043,40-44,40,5129.888,5267.248,10397.137
MEX,2043,45-49,45,4829.16,5132.15,9961.31
MEX,2043,50-54,50,4535.097,5018.011,9553.109
MEX,2043,55-59,55,3955.584,4605.031,8560.615
MEX,2043,60-64,60,3361.381,4201.806,7563.186
MEX,2043,65-69,65,2902.556,3744.023,6646.579
MEX,2043,70-74,70,2425.358,3167.304,5592.662
MEX,2043,75-79,75,1787.428,2413.683,4201.111
MEX,2043,80-84,80,1141.618,1601.789,2743.407
MEX,2043,85-89,85,584.097,827.419,1411.517
MEX,2043,90-94,90,225.439,305.18,530.619
MEX,2043,95-99,95,59.678,69.179,128.857
MEX,2043,100+,100,9.861,8.605,18.466
MEX,2053,0-4,0,4126.497,3978.041,8104.538
MEX,2053,5-9,5,4294.86,4142.486,8437.346
MEX,2053,10-14,10,4481.236,4324.171,8805.406
MEX,2053,15-19,15,4632.7,4476.829,9109.53
MEX,2053,20-24,20,4718.101,4577.62,9295.721
MEX,2053,25-29,25,4795.322,4680.795,9476.117
MEX,2053,30-34,30,4934.821,4852.602,9787.423
MEX,2053,35-39,35,5088.646,5050.777,10139.423
MEX,2053,40-44,40,5250.734,5273.432,10524.165
MEX,2053,45-49,45,5093.717,5201.62,10295.337
MEX,2053,50-54,50,4916.399,5150.089,10066.488
MEX,2053,55-59,55,4560.918,4969.492,9530.409
MEX,2053,60-64,60,4181.721,4782.358,8964.079
MEX,2053,65-69,65,3522.704,4281.813,7804.516
MEX,2053,70-74,70,2834.793,3754.637,6589.43
MEX,2053,75-79,75,2229.332,3112.77,5342.102
MEX,2053,80-84,80,1591.362,2282.682,3874.044
MEX,2053,85-89,85,899.297,1318.216,2217.512
MEX,2053,90-94,90,375.333,545.264,920.597
MEX,2053,95-99,95,101.581,133.246,234.827
MEX,2053,100+,100,16.285,17.41,33.694
BRA,2023,0-4,0,6816.811,6544.038,13360.849
BRA,2023,5-9,5,7290.633,7001.765,14292.397
BRA,2023,10-14,10,7363.354,7076.315,14439.668
BRA,2023,15-19,15,7671.684,7395.847,15067.531
BRA,2023,20-24,20,8123.636,7916.483,16040.119
BRA,2023,25-29,25,8229.536,8126.56,16356.096
BRA,2023,30-34,30,8107.739,8098.401,16206.139
BRA,2023,35-39,35,8359.156,8456.781,16815.938
BRA,2023,40-44,40,8060.566,8281.868,16342.434
BRA,2023,45-49,45,7113.489,7420.735,14534.225
BRA,2023,50-54,50,6252.678,6629.255,12881.933
BRA,2023,55-59,55,5697.407,6166.153,11863.559
BRA,2023,60-64,60,4964.556,5523.358,10487.914
BRA,2023,65-69,65,3850.613,4482.837,8333.451
BRA,2023,70-74,70,2753.262,3420.327,6173.588
BRA,2023,75-79,75,1700.312,2256.566,3956.877
BRA,2023,80-84,80,975.718,1409.338,2385.057
BRA,2023,85-89,85,422.111,715.773,1137.884
BRA,2023,90-94,90,131.823,252.44,384.264
BRA,2023,95-99,95,25.447,48.364,73.811
BRA,2023,100+,100,2.53,4.466,6.996
BRA,2033,0-4,0,5986.298,5739.56,11725.858
BRA,2033,5-9,5,6269.881,6012.736,12282.617
BRA,2033,10-14,10,6738.913,6469.166,13208.078
BRA,2033,15-19,15,7207.034,6938.474,14145.508
BRA,2033,20-24,20,7181.873,6975.654,14157.527
BRA,2033,25-29,25,7383.583,7234.824,14618.406
BRA,2033,30-34,30,7810.74,7728.368,15539.108
BRA,2033,35-39,35,7936.788,7950.74,15887.529
BRA,2033,40-44,40,7825.553,7932.161,15757.715
BRA,2033,45-49,45,8035.849,8268.21,16304.059
BRA,2033,50-54,50,7663.912,8048.001,15711.913
BRA,2033,55-59,55,6633.101,7133.547,13766.649
BRA,2033,60-64,60,5655.972,6263.552,11919.524
BRA,2033,65-69,65,4911.696,5661.544,10573.24
BRA,2033,70-74,70,3992.169,4845.986,8838.155
BRA,2033,75-79,75,2756.034,3614.222,6370.257
BRA,2033,80-84,80,1614.283,2334.628,3948.911
BRA,2033,85-89,85,724.837,1132.708,1857.545
BRA,2033,90-94,90,255.878,426.392,682.269
BRA,2033,95-99,95,56.36,105.584,161.944
BRA,2033,100+,100,7.238,15.335,22.573
BRA,2043,0-4,0,5542.578,5312.718,10855.296
BRA,2043,5-9,5,5743.633,5507.061,11250.694
BRA,2043,10-14,10,5951.637,5707.074,11658.712
BRA,2043,15-19,15,6227.917,5984.804,12212.721
BRA,2043,20-24,20,6634.994,6425.266,13060.26
BRA,2043,25-29,25,7040.175,6870.078,13910.253
BRA,2043,30-34,30,7008.817,6894.264,13903.081
BRA,2043,35-39,35,7208.646,7147.139,14355.784
BRA,2043,40-44,40,7615.524,7626.393,15241.916
BRA,2043,45-49,45,7698.769,7820.154,15518.923
BRA,2043,50-54,50,7511.672,7753.84,15265.513
BRA,2043,55-59,55,7581.56,8004.967,15586.527
BRA,2043,60-64,60,7041.251,7676.153,14717.404
BRA,2043,65-69,65,5843.898,6638.262,12482.159
BRA,2043,70-74,70,4678.184,5595.859,10274.042
BRA,2043,75-79,75,3647.345,4681.06,8328.406
BRA,2043,80-84,80,2461.852,3438.686,5900.537
BRA,2043,85-89,85,1254.757,1925.976,3180.733
BRA,2043,90-94,90,458.577,776.295,1234.872
BRA,2043,95-99,95,104.813,189.091,293.904
BRA,2043,100+,100,15.201,29.582,44.783
BRA,2053,0-4,0,5033.167,4821.145,9854.311
BRA,2053,5-9,5,5276.934,5055.707,10332.64
BRA,2053,10-14,10,5521.921,5293.361,10815.282
BRA,2053,15-19,15,5716.051,5489.139,11205.19
BRA,2053,20-24,20,5880.798,5676.824,11557.621
BRA,2053,25-29,25,6116.877,5940.144,12057.021
BRA,2053,30-34,30,6515.962,6372.796,12888.757
BRA,2053,35-39,35,6915.122,6810.749,13725.871
BRA,2053,40-44,40,6871.288,6823.221,13694.51
BRA,2053,45-49,45,7033.135,7050.466,14083.6
BRA,2053,50-54,50,7362.602,7481.941,14844.543
BRA,2053,55-59,55,7333.522,7608.073,14941.594
BRA,2053,60-64,60,6990.361,7445.301,14435.662
BRA,2053,65-69,65,6802.126,7522.734,14324.861
BRA,2053,70-74,70,5975.763,6958.306,12934.069
BRA,2053,75-79,75,4504.936,5615.605,10120.541
BRA,2053,80-84,80,3036.521,4111.975,7148.496
BRA,2053,85-89,85,1770.629,2628.528,4399.157
BRA,2053,90-94,90,757.92,1240.207,1998.128
BRA,2053,95-99,95,197.54,356.072,553.611
BRA,2053,100+,100,29.409,60.45,89.859
CAN,2023,0-4,0,962.991,916.218,1879.209
CAN,2023,5-9,5,1036.859,987.402,2024.261
CAN,2023,10-14,10,1077.515,1033.563,2111.078
CAN,2023,15-19,15,1084.608,1051.697,2136.305
CAN,2023,20-24,20,1264.217,1196.506,2460.724
CAN,2023,25-29,25,1421.871,1314.719,2736.59
CAN,2023,30-34,30,1443.704,1382.256,2825.959
CAN,2023,35-39,35,1387.183,1362.229,2749.412
CAN,2023,40-44,40,1313.771,1324.58,2638.351
CAN,2023,45-49,45,1210.825,1237.327,2448.153
CAN,2023,50-54,50,1207.095,1226.732,2433.827
CAN,2023,55-59,55,1278.251,1299.201,2577.452
CAN,2023,60-64,60,1314.919,1355.295,2670.215
CAN,2023,65-69,65,1151.061,1220.013,2371.073
CAN,2023,70-74,70,916.074,1004.213,1920.288
CAN,2023,75-79,75,684.269,779.234,1463.503
CAN,2023,80-84,80,412.219,512.131,924.351
CAN,2023,85-89,85,226.179,326.673,552.852
CAN,2023,90-94,90,97.248,181.109,278.358
CAN,2023,95-99,95,22.333,61.608,83.942
CAN,2023,100+,100,2.381,10.82,13.201
CAN,2033,0-4,0,975.735,926.212,1901.947
CAN,2033,5-9,5,1024.966,976.713,2001.68
CAN,2033,10-14,10,1058.992,1011.984,2070.976
CAN,2033,15-19,15,1123.526,1074.659,2198.184
CAN,2033,20-24,20,1283.919,1244.696,2528.615
CAN,2033,25-29,25,1371.968,1346.17,2718.139
CAN,2033,30-34,30,1462.079,1400.038,2862.117
CAN,2033,35-39,35,1530.943,1429.453,2960.396
CAN,2033,40-44,40,1507.349,1452.032,2959.38
CAN,2033,45-49,45,1422.877,1404.822,2827.698
CAN,2033,50-54,50,1327.983,1347.479,2675.462
CAN,2033,55-59,55,1205.0,1243.665,2448.664
CAN,2033,60-64,60,1174.265,1214.197,2388.463
CAN,2033,65-69,65,1203.863,1259.44,2463.303
CAN,2033,70-74,70,1185.592,1275.518,2461.11
CAN,2033,75-79,75,966.098,1091.126,2057.224
CAN,2033,80-84,80,670.458,814.344,1484.803
CAN,2033,85-89,85,389.616,526.215,915.831
CAN,2033,90-94,90,144.532,239.111,383.644
CAN,2033,95-99,95,34.048,76.645,110.694
CAN,2033,100+,100,4.426,15.275,19.701
CAN,2043,0-4,0,1000.266,948.578,1948.844
CAN,2043,5-9,5,1036.115,984.654,2020.769
CAN,2043,10-14,10,1059.124,1008.412,2067.536
CAN,2043,15-19,15,1105.15,1056.793,2161.943
CAN,2043,20-24,20,1261.511,1218.051,2479.561
CAN,2043,25-29,25,1395.736,1351.303,2747.04
CAN,2043,30-34,30,1448.264,1410.571,2858.835
CAN,2043,35-39,35,1442.653,1418.222,2860.875
CAN,2043,40-44,40,1498.612,1440.207,2938.819
CAN,2043,45-49,45,1549.005,1453.627,3002.631
CAN,2043,50-54,50,1510.226,1463.498,2973.724
CAN,2043,55-59,55,1409.452,1403.719,2813.171
CAN,2043,60-64,60,1294.421,1331.84,2626.26
CAN,2043,65-69,65,1147.876,1211.766,2359.642
CAN,2043,70-74,70,1079.108,1154.631,2233.739
CAN,2043,75-79,75,1037.083,1142.798,2179.881
CAN,2043,80-84,80,908.205,1062.258,1970.463
CAN,2043,85-89,85,589.709,768.558,1358.266
CAN,2043,90-94,90,259.575,405.325,664.9
CAN,2043,95-99,95,67.801,136.777,204.578
CAN,2043,100+,100,7.525,22.134,29.659
CAN,2053,0-4,0,1020.157,967.398,1987.554
CAN,2053,5-9,5,1065.159,1011.966,2077.124
CAN,2053,10-14,10,1086.311,1033.303,2119.613
CAN,2053,15-19,15,1119.203,1067.532,2186.735
CAN,2053,20-24,20,1270.049,1222.693,2492.742
CAN,2053,25-29,25,1389.017,1344.517,2733.535
CAN,2053,30-34,30,1432.486,1389.531,2822.016
CAN,2053,35-39,35,1469.139,1425.158,2894.298
CAN,2053,40-44,40,1487.553,1452.226,2939.78
CAN,2053,45-49,45,1464.848,1444.455,2909.302
CAN,2053,50-54,50,1505.828,1454.599,2960.426
CAN,2053,55-59,55,1538.763,1455.919,2994.682
CAN,2053,60-64,60,1478.674,1451.055,2929.729
CAN,2053,65-69,65,1353.016,1374.422,2727.439
CAN,2053,70-74,70,1206.925,1278.376,2485.301
CAN,2053,75-79,75,1015.178,1119.624,2134.802
CAN,2053,80-84,80,858.287,987.561,1845.848
CAN,2053,85-89,85,667.348,836.477,1503.825
CAN,2053,90-94,90,382.45,562.451,944.902
CAN,2053,95-99,95,112.426,213.595,326.022
CAN,2053,100+,100,14.844,40.495,55.338
USA,2023,0-4,0,9535.485,9108.193,18643.679
USA,2023,5-9,5,10425.999,9902.748,20328.747
USA,2023,10-14,10,11042.088,10419.078,21461.167
USA,2023,15-19,15,11651.852,10957.887,22609.738
USA,2023,20-24,20,11561.137,10829.281,22390.417
USA,2023,25-29,25,11757.511,10968.369,22725.88
USA,2023,30-34,30,12664.68,11842.304,24506.983
USA,2023,35-39,35,12187.274,11431.95,23619.224
USA,2023,40-44,40,11713.141,11092.942,22806.084
USA,2023,45-49,45,10562.099,10085.618,20647.716
USA,2023,50-54,50,10694.946,10341.409,21036.356
USA,2023,55-59,55,10637.515,10501.153,21138.668
USA,2023,60-64,60,10765.751,10922.576,21688.326
USA,2023,65-69,65,9338.45,10006.551,19345.001
USA,2023,70-74,70,7326.113,8219.175,15545.288
USA,2023,75-79,75,5296.221,6221.752,11517.973
USA,2023,80-84,80,3033.322,4038.11,7071.431
USA,2023,85-89,85,1597.059,2422.725,4019.784
USA,2023,90-94,90,639.21,1179.931,1819.141
USA,2023,95-99,95,143.391,345.706,489.096
USA,2023,100+,100,15.467,51.166,66.633
USA,2033,0-4,0,9738.063,9240.114,18978.177
USA,2033,5-9,5,9818.742,9288.513,19107.254
USA,2033,10-14,10,9959.744,9448.073,19407.817
USA,2033,15-19,15,10887.118,10307.603,21194.72
USA,2033,20-24,20,12374.252,11700.117,24074.369
USA,2033,25-29,25,13224.157,12443.421,25667.577
USA,2033,30-34,30,12145.246,11305.217,23450.463
USA,2033,35-39,35,11775.276,10930.537,22705.813
USA,2033,40-44,40,12547.78,11740.752,24288.532
USA,2033,45-49,45,12008.263,11314.109,23322.372
USA,2033,50-54,50,11423.067,10919.674,22342.74
USA,2033,55-59,55,10113.983,9827.109,19941.091
USA,2033,60-64,60,9957.047,9917.432,19874.478
USA,2033,65-69,65,9563.871,9862.78,19426.651
USA,2033,70-74,70,9242.681,9925.49,19168.172
USA,2033,75-79,75,7413.617,8558.902,15972.519
USA,2033,80-84,80,5033.84,6284.835,11318.674
USA,2033,85-89,85,2809.481,3858.412,6667.892
USA,2033,90-94,90,974.517,1639.024,2613.541
USA,2033,95-99,95,211.014,459.834,670.848
USA,2033,100+,100,24.327,75.98,100.307
USA,2043,0-4,0,10246.732,9715.313,19962.044
USA,2043,5-9,5,10310.262,9733.371,20043.632
USA,2043,10-14,10,10189.605,9596.041,19785.647
USA,2043,15-19,15,10300.272,9704.591,20004.863
USA,2043,20-24,20,11354.694,10775.133,22129.827
USA,2043,25-29,25,12604.669,11912.103,24516.771
USA,2043,30-34,30,13061.96,12258.469,25320.429
USA,2043,35-39,35,13230.749,12377.639,25608.389
USA,2043,40-44,40,12042.067,11186.12,23228.186
USA,2043,45-49,45,11623.718,10809.542,22433.26
USA,2043,50-54,50,12271.568,11559.759,23831.327
USA,2043,55-59,55,11556.834,11039.396,22596.23
USA,2043,60-64,60,10741.938,10513.181,21255.119
USA,2043,65-69,65,9255.166,9305.013,18560.179
USA,2043,70-74,70,8773.317,9129.317,17902.634
USA,2043,75-79,75,7875.595,8599.29,16474.885
USA,2043,80-84,80,6714.032,7828.855,14542.888
USA,2043,85-89,85,4255.815,5553.981,9809.797
USA,2043,90-94,90,1789.034,2719.148,4508.181
USA,2043,95-99,95,425.307,806.352,1231.659
USA,2043,100+,100,41.532,113.201,154.732
USA,2053,0-4,0,9896.207,9375.73,19271.937
USA,2053,5-9,5,10418.932,9828.101,20247.033
USA,2053,10-14,10,10707.843,10076.474,20784.317
USA,2053,15-19,15,10804.366,10158.184,20962.55
USA,2053,20-24,20,11630.715,10961.38,22592.094
USA,2053,25-29,25,12088.21,11360.018,23448.228
USA,2053,30-34,30,12086.258,11349.342,23435.6
USA,2053,35-39,35,12633.21,11843.454,24476.664
USA,2053,40-44,40,12961.693,12130.282,25091.975
USA,2053,45-49,45,13082.436,12250.034,25332.47
USA,2053,50-54,50,11831.667,11039.271,22870.938
USA,2053,55-59,55,11262.703,10585.211,21847.914
USA,2053,60-64,60,11647.831,11183.275,22831.107
USA,2053,65-69,65,10723.057,10527.705,21250.762
USA,2053,70-74,70,9676.715,9798.561,19475.276
USA,2053,75-79,75,7891.901,8287.259,16179.16
USA,2053,80-84,80,6699.066,7428.26,14127.326
USA,2053,85-89,85,4849.933,5835.441,10685.374
USA,2053,90-94,90,2628.017,3608.816,6236.833
USA,2053,95-99,95,706.274,1228.271,1934.544
USA,2053,100+,100,81.067,196.161,277.228
AUS,2023,0-4,0,784.235,742.186,1526.42
AUS,2023,5-9,5,821.817,775.937,1597.753
AUS,2023,10-14,10,844.997,800.042,1645.039
AUS,2023,15-19,15,813.486,767.348,1580.834
AUS,2023,20-24,20,832.248,785.256,1617.504
AUS,2023,25-29,25,943.218,905.844,1849.063
AUS,2023,30-34,30,972.184,983.799,1955.983
AUS,2023,35-39,35,957.758,973.347,1931.105
AUS,2023,40-44,40,882.041,896.949,1778.991
AUS,2023,45-49,45,805.847,822.46,1628.307
AUS,2023,50-54,50,829.71,856.867,1686.576
AUS,2023,55-59,55,755.137,783.845,1538.982
AUS,2023,60-64,60,735.126,781.17,1516.296
AUS,2023,65-69,65,644.232,696.798,1341.03
AUS,2023,70-74,70,559.409,606.132,1165.541
AUS,2023,75-79,75,447.063,486.678,933.74
AUS,2023,80-84,80,272.151,317.637,589.787
AUS,2023,85-89,85,147.682,203.432,351.114
AUS,2023,90-94,90,60.215,104.796,165.01
AUS,2023,95-99,95,13.868,32.528,46.395
AUS,2023,100+,100,1.233,4.42,5.652
AUS,2033,0-4,0,786.91,748.577,1535.488
AUS,2033,5-9,5,824.817,786.434,1611.252
AUS,2033,10-14,10,826.484,786.362,1612.846
AUS,2033,15-19,15,864.619,820.425,1685.044
AUS,2033,20-24,20,963.78,922.223,1886.004
AUS,2033,25-29,25,965.729,926.185,1891.914
AUS,2033,30-34,30,912.749,873.465,1786.214
AUS,2033,35-39,35,974.188,943.822,1918.01
AUS,2033,40-44,40,987.043,1004.702,1991.744
AUS,2033,45-49,45,963.303,984.926,1948.229
AUS,2033,50-54,50,880.119,901.704,1781.822
AUS,2033,55-59,55,795.979,820.945,1616.924
AUS,2033,60-64,60,806.682,846.443,1653.124
AUS,2033,65-69,65,719.17,764.931,1484.101
AUS,2033,70-74,70,677.18,745.616,1422.796
AUS,2033,75-79,75,558.776,636.672,1195.448
AUS,2033,80-84,80,425.5,503.235,928.735
AUS,2033,85-89,85,265.37,333.86,599.231
AUS,2033,90-94,90,97.935,143.269,241.204
AUS,2033,95-99,95,21.852,41.234,63.086
AUS,2033,100+,100,2.362,6.024,8.386
AUS,2043,0-4,0,831.627,791.704,1623.331
AUS,2043,5-9,5,826.688,789.514,1616.202
AUS,2043,10-14,10,834.501,798.374,1632.874
AUS,2043,15-19,15,873.131,836.582,1709.713
AUS,2043,20-24,20,957.561,920.73,1878.291
AUS,2043,25-29,25,1035.119,997.278,2032.397
AUS,2043,30-34,30,1055.492,1021.88,2077.372
AUS,2043,35-39,35,997.727,965.336,1963.063
AUS,2043,40-44,40,927.918,894.761,1822.679
AUS,2043,45-49,45,980.27,956.288,1936.559
AUS,2043,50-54,50,985.337,1010.03,1995.367
AUS,2043,55-59,55,953.245,983.776,1937.021
AUS,2043,60-64,60,861.116,894.526,1755.642
AUS,2043,65-69,65,766.446,806.986,1573.432
AUS,2043,70-74,70,756.294,817.157,1573.451
AUS,2043,75-79,75,639.286,710.972,1350.258
AUS,2043,80-84,80,537.009,637.402,1174.41
AUS,2043,85-89,85,351.697,455.993,807.69
AUS,2043,90-94,90,166.511,243.214,409.724
AUS,2043,95-99,95,44.182,75.192,119.374
AUS,2043,100+,100,4.298,9.066,13.364
AUS,2053,0-4,0,879.24,837.241,1716.482
AUS,2053,5-9,5,895.391,855.604,1750.995
AUS,2053,10-14,10,885.927,848.322,1734.249
AUS,2053,15-19,15,880.743,845.458,1726.201
AUS,2053,20-24,20,977.828,945.01,1922.839
AUS,2053,25-29,25,1062.126,1031.934,2094.059
AUS,2053,30-34,30,1064.363,1035.397,2099.76
AUS,2053,35-39,35,1076.239,1045.586,2121.825
AUS,2053,40-44,40,1076.201,1048.888,2125.089
AUS,2053,45-49,45,1008.859,982.529,1991.389
AUS,2053,50-54,50,931.876,905.351,1837.227
AUS,2053,55-59,55,975.059,959.947,1935.007
AUS,2053,60-64,60,969.12,1005.831,1974.951
AUS,2053,65-69,65,924.645,971.794,1896.44
AUS,2053,70-74,70,818.399,872.374,1690.773
AUS,2053,75-79,75,695.953,762.527,1458.48
AUS,2053,80-84,80,620.215,717.524,1337.739
AUS,2053,85-89,85,423.814,531.77,955.585
AUS,2053,90-94,90,227.94,330.474,558.415
AUS,2053,95-99,95,63.215,110.449,173.664
AUS,2053,100+,100,7.845,16.56,24.405
NZL,2023,0-4,0,152.826,145.244,298.07
NZL,2023,5-9,5,162.394,153.534,315.928
NZL,2023,10-14,10,172.686,163.81,336.497
NZL,2023,15-19,15,166.053,157.797,323.849
NZL,2023,20-24,20,168.405,158.97,327.376
NZL,2023,25-29,25,182.996,171.706,354.702
NZL,2023,30-34,30,197.602,194.595,392.197
NZL,2023,35-39,35,176.411,179.353,355.765
NZL,2023,40-44,40,160.518,163.15,323.668
NZL,2023,45-49,45,152.561,157.214,309.776
NZL,2023,50-54,50,163.658,171.3,334.959
NZL,2023,55-59,55,155.267,163.846,319.113
NZL,2023,60-64,60,150.627,161.346,311.974
NZL,2023,65-69,65,128.108,137.66,265.769
NZL,2023,70-74,70,107.952,115.516,223.469
NZL,2023,75-79,75,81.885,90.395,172.28
NZL,2023,80-84,80,50.906,61.593,112.499
NZL,2023,85-89,85,25.624,34.544,60.167
NZL,2023,90-94,90,10.489,16.584,27.073
NZL,2023,95-99,95,2.328,4.599,6.926
NZL,2023,100+,100,0.216,0.564,0.78
NZL,2033,0-4,0,146.119,138.064,284.183
NZL,2033,5-9,5,154.564,145.661,300.226
NZL,2033,10-14,10,158.136,149.429,307.565
NZL,2033,15-19,15,168.288,158.678,326.966
NZL,2033,20-24,20,191.1,181.546,372.646
NZL,2033,25-29,25,188.054,178.255,366.308
NZL,2033,30-34,30,176.465,164.762,341.228
NZL,2033,35-39,35,183.576,170.582,354.158
NZL,2033,40-44,40,196.903,193.05,389.953
NZL,2033,45-49,45,175.273,177.908,353.181
NZL,2033,50-54,50,158.536,161.266,319.801
NZL,2033,55-59,55,149.048,154.345,303.393
NZL,2033,60-64,60,157.2,166.514,323.714
NZL,2033,65-69,65,145.648,156.815,302.463
NZL,2033,70-74,70,135.973,150.042,286.015
NZL,2033,75-79,75,107.322,121.168,228.489
NZL,2033,80-84,80,77.529,90.673,168.202
NZL,2033,85-89,85,44.135,56.617,100.752
NZL,2033,90-94,90,15.544,23.994,39.538
NZL,2033,95-99,95,3.022,5.752,8.773
NZL,2033,100+,100,0.318,0.753,1.071
NZL,2043,0-4,0,148.975,140.689,289.663
NZL,2043,5-9,5,148.79,139.874,288.663
NZL,2043,10-14,10,150.789,141.403,292.192
NZL,2043,15-19,15,160.248,150.438,310.685
NZL,2043,20-24,20,177.047,167.44,344.486
NZL,2043,25-29,25,190.754,179.263,370.017
NZL,2043,30-34,30,197.919,185.624,383.543
NZL,2043,35-39,35,186.21,174.167,360.377
NZL,2043,40-44,40,174.284,161.307,335.591
NZL,2043,45-49,45,181.489,168.0,349.49
NZL,2043,50-54,50,194.053,190.244,384.297
NZL,2043,55-59,55,171.501,174.607,346.108
NZL,2043,60-64,60,153.293,157.186,310.479
NZL,2043,65-69,65,141.506,148.584,290.089
NZL,2043,70-74,70,144.6,156.444,301.043
NZL,2043,75-79,75,125.79,140.407,266.197
NZL,2043,80-84,80,103.009,121.475,224.484
NZL,2043,85-89,85,62.242,79.258,141.5
NZL,2043,90-94,90,26.299,37.782,64.081
NZL,2043,95-99,95,5.971,10.355,16.326
NZL,2043,100+,100,0.516,1.165,1.682
NZL,2053,0-4,0,145.989,137.858,283.847
NZL,2053,5-9,5,151.659,142.51,294.168
NZL,2053,10-14,10,153.628,143.954,297.582
NZL,2053,15-19,15,154.547,144.675,299.221
NZL,2053,20-24,20,170.133,159.757,329.891
NZL,2053,25-29,25,183.194,171.318,354.512
NZL,2053,30-34,30,183.885,171.272,355.157
NZL,2053,35-39,35,188.704,174.779,363.483
NZL,2053,40-44,40,195.552,181.871,377.423
NZL,2053,45-49,45,184.272,171.565,355.837
NZL,2053,50-54,50,172.165,159.069,331.233
NZL,2053,55-59,55,178.204,165.262,343.466
NZL,2053,60-64,60,188.619,186.096,374.716
NZL,2053,65-69,65,164.383,169.169,333.553
NZL,2053,70-74,70,143.321,149.339,292.661
NZL,2053,75-79,75,125.413,135.435,260.848
NZL,2053,80-84,80,114.162,130.357,244.518
NZL,2053,85-89,85,77.708,96.058,173.767
NZL,2053,90-94,90,38.431,54.313,92.745
NZL,2053,95-99,95,9.134,15.378,24.512
NZL,2053,100+,100,0.941,1.953,2.894
